,Survived,Sex,Age,Ticket_category,Ticket_number,Is_with_familly,Fare_per_person,Pclass_1,Pclass_2,Pclass_3,SibSp_0,SibSp_1,SibSp_2,Parch_0,Parch_1,Parch_2,Embarked_C,Embarked_Q,Embarked_S
0,0,0,0.2711736617240512,1,0.05371441619729031,0,0.032690171125155106,0,0,1,0,1,0,1,0,0,0,0,1
1,1,1,0.4722292033174164,1,0.044651646623027355,0,0.32141562418838193,1,0,0,0,1,0,1,0,0,1,0,0
2,1,1,0.32143754712239253,1,0.7535117473227452,0,0.03573373878163506,0,0,1,1,0,0,1,0,0,0,0,1
3,1,1,0.4345312892686604,0,0.2887375044400467,1,0.11971366115487836,1,0,0,0,1,0,1,0,0,0,0,1
4,0,0,0.4345312892686604,0,0.9475059623484042,0,0.036297362421723954,0,0,1,1,0,0,1,0,0,0,0,1
5,0,0,0.3278158951094034,0,0.8394910437915463,0,0.038138382679710266,0,0,1,1,0,0,1,0,0,0,1,0
6,0,0,0.6732847449107816,0,0.04430659156644847,0,0.2338474482728768,1,0,0,1,0,0,1,0,0,0,0,1
7,0,0,0.01985423473234481,0,0.8877784543563202,1,0.02375673642974634,0,0,1,0,0,1,0,1,0,0,0,1
8,1,1,0.33400351847197784,0,0.8822804079768611,1,0.016733309525870776,0,0,1,1,0,0,0,0,1,0,0,1
9,1,1,0.17064589092736868,0,0.6031765362561526,1,0.06779445502553891,0,1,0,0,1,0,1,0,0,1,0,0
10,1,1,0.04498617743151546,1,0.024227431876998023,1,0.03765005915793726,0,0,1,0,1,0,0,1,0,0,0,1
11,1,1,0.723548630309123,0,0.28868676104937335,0,0.11971366115487836,1,0,0,1,0,0,1,0,0,0,0,1
12,0,0,0.24604171902488062,1,0.005457451666920384,0,0.036297362421723954,0,0,1,1,0,0,1,0,0,0,0,1
13,0,0,0.4847951746670017,0,0.88060587608464,1,0.020145519250034008,0,0,1,0,1,0,0,0,1,0,0,1
14,0,1,0.17064589092736868,0,0.8890394276145532,0,0.03541450235188872,0,0,1,1,0,0,1,0,0,0,0,1
15,1,1,0.685850716260367,0,0.6310092860404932,0,0.07214382593137679,0,1,0,1,0,0,1,0,0,0,0,1
16,0,0,0.01985423473234481,0,0.9708529963972193,1,0.026264861628141862,0,0,1,0,0,1,0,1,0,0,1,0
17,1,0,0.38100913634967415,0,0.6200157304511088,0,0.05861685856924364,0,1,0,1,0,0,1,0,0,0,0,1
18,0,1,0.38426740387031916,0,0.8772593494697316,0,0.08116180417279889,0,0,1,0,1,0,1,0,0,0,0,1
19,1,1,0.26803216888665493,0,0.006720962094687167,0,0.03257744639713733,0,0,1,1,0,0,1,0,0,1,0,0
20,0,0,0.4345312892686604,0,0.6085781701933324,0,0.05861685856924364,0,1,0,1,0,0,1,0,0,0,0,1
21,1,0,0.4219653179190751,0,0.6309889886842239,0,0.05861685856924364,0,1,0,1,0,0,1,0,0,0,0,1
22,1,1,0.18321186227695402,0,0.839607753590095,0,0.036203575448013156,0,0,1,1,0,0,1,0,0,0,1,0
23,1,0,0.34656948982156316,0,0.2886994468970417,0,0.16006911378524225,1,0,0,1,0,0,1,0,0,0,0,1
24,0,1,0.09525006282985675,0,0.8877784543563202,1,0.02375673642974634,0,0,1,0,0,1,0,1,0,0,0,1
25,1,1,0.4722292033174164,0,0.8805931902369717,1,0.03538147400657952,0,0,1,0,1,0,0,0,1,0,0,1
26,0,0,0.3278158951094034,0,0.006675293043081139,0,0.03257744639713733,0,0,1,1,0,0,1,0,0,1,0,0
27,0,0,0.2334757476752953,0,0.050616532196681385,1,0.2964660346867515,1,0,0,0,0,1,0,0,1,0,0,1
28,1,1,0.26803216888665493,0,0.839699091693307,0,0.0355272270799065,0,0,1,1,0,0,1,0,0,0,1,0
29,0,0,0.3278158951094034,0,0.8860201958694881,0,0.0356020762993103,0,0,1,1,0,0,1,0,0,0,0,1
30,0,0,0.49736114601658704,1,0.04465672096209469,0,0.12499278561740686,1,0,0,1,0,0,1,0,0,1,0,0
31,1,1,0.42965273568588025,1,0.04457553153701731,0,0.3303303465789398,1,0,0,0,1,0,1,0,0,1,0,0
32,1,1,0.26803216888665493,0,0.8516694575531538,0,0.034944665685510634,0,0,1,1,0,0,1,0,0,0,1,0
33,0,0,0.8240764011058055,1,0.06236108996803167,0,0.04734438576746602,0,1,0,1,0,0,1,0,0,0,0,1
34,0,0,0.34656948982156316,1,0.0446643324706957,1,0.18525362162006176,1,0,0,0,1,0,1,0,0,1,0,0
35,0,0,0.5224930887157577,0,0.2887019840665753,1,0.11723371713848728,1,0,0,0,1,0,1,0,0,0,0,1
36,1,0,0.3278158951094034,0,0.006792002841629878,0,0.032596384151444315,0,0,1,1,0,0,1,0,0,1,0,0
37,0,0,0.2586076903744659,1,0.0054599888364540525,0,0.036297362421723954,0,0,1,1,0,0,1,0,0,0,0,1
38,0,1,0.22090977632571,0,0.8772618866392653,1,0.040580902086399445,0,0,1,0,0,1,1,0,0,0,0,1
39,1,1,0.17064589092736868,0,0.006726036433754504,1,0.025344351499148703,0,0,1,0,1,0,1,0,0,1,0,0
40,0,1,0.49736114601658704,0,0.01914548130106054,0,0.042722671918737194,0,0,1,0,1,0,1,0,0,0,0,1
41,0,1,0.33400351847197784,0,0.029603694118841024,1,0.04734438576746602,0,1,0,0,1,0,1,0,0,0,0,1
42,0,0,0.3278158951094034,0,0.8861140711422338,0,0.0356020762993103,0,0,1,1,0,0,1,0,0,1,0,0
43,1,1,0.032420206081930136,1,0.005386410919977673,1,0.06249338681595629,0,1,0,0,1,0,0,0,1,1,0,0
44,1,1,0.2334757476752953,0,0.8396965545237733,0,0.0355272270799065,0,0,1,1,0,0,1,0,0,0,1,0
45,0,0,0.3278158951094034,1,0.05979347439995941,0,0.036297362421723954,0,0,1,1,0,0,1,0,0,0,0,1
46,0,0,0.3278158951094034,0,0.9396940173542396,0,0.06988933137102127,0,0,1,0,1,0,1,0,0,0,1,0
47,1,1,0.26803216888665493,0,0.03630943319632618,0,0.034944665685510634,0,0,1,1,0,0,1,0,0,0,1,0
48,0,0,0.3278158951094034,0,0.006753945298624855,0,0.09775127694571899,0,0,1,0,0,1,1,0,0,1,0,0
49,0,1,0.22090977632571,0,0.8860734764296951,1,0.04013000317432834,0,0,1,0,1,0,1,0,0,0,0,1
50,0,0,0.08268409148027142,0,0.7535117473227452,1,0.029825084288036628,0,0,1,0,0,1,0,1,0,0,0,1
51,0,0,0.2586076903744659,1,0.10119754401989142,0,0.035170115141546186,0,0,1,1,0,0,1,0,0,0,0,1
52,1,1,0.610454888162855,1,0.04458314304561831,1,0.1153237093469541,1,0,0,0,1,0,1,0,0,1,0,0
53,1,1,0.35913546117114853,0,0.00742375805551327,0,0.11723371713848728,0,1,0,0,1,0,1,0,0,0,0,1
54,0,0,0.8115104297562202,0,0.28799157659714825,0,0.27946353851037425,1,0,0,1,0,0,0,1,0,1,0,0
55,1,0,0.5134630075221647,0,0.05060892068808038,0,0.16006911378524225,1,0,0,1,0,0,1,0,0,0,0,1
56,1,1,0.2586076903744659,1,0.07871822195159081,0,0.04734438576746602,0,1,0,1,0,0,1,0,0,0,0,1
57,0,0,0.35285247549635584,0,0.006842746232303243,0,0.032596384151444315,0,0,1,1,0,0,1,0,0,1,0,0
58,1,1,0.05755214878110078,1,0.08791546151113819,1,0.041708149366577206,0,1,0,0,1,0,0,0,1,0,0,1
59,0,0,0.1329479768786127,1,0.005439691480184706,1,0.035245264960224704,0,0,1,0,0,1,0,0,1,0,0,1
60,0,0,0.2711736617240512,0,0.006771705485360532,0,0.032596384151444315,0,0,1,1,0,0,1,0,0,1,0,0
61,1,1,0.4722292033174164,0,0.28815141827776936,0,0.18035956482844198,1,0,0,1,0,0,1,0,0,0,0,1
62,0,0,0.5601910027645137,0,0.09380676916831583,1,0.18819393342567742,1,0,0,0,1,0,1,0,0,0,0,1
63,0,0,0.04498617743151546,0,0.880621099101842,1,0.020966799411306376,0,0,1,0,0,1,0,0,1,0,0,1
64,0,0,0.5134630075221647,1,0.04466686964022936,0,0.12499278561740686,1,0,0,1,0,0,1,0,0,1,0,0
65,1,0,0.3278158951094034,0,0.006751408129091186,1,0.034371573168268256,0,0,1,0,1,0,0,1,0,1,0,0
66,1,1,0.35913546117114853,1,0.07458009844217792,0,0.04734438576746602,0,1,0,1,0,0,1,0,0,0,0,1
67,0,0,0.2334757476752953,1,0.008788755264626783,0,0.03678568594349696,0,0,1,1,0,0,1,0,0,0,0,1
68,1,1,0.20834380497612465,0,0.7535117473227452,0,0.03573373878163506,0,0,1,0,0,1,0,0,1,0,0,1
69,0,0,0.32143754712239253,0,0.7995915157050795,0,0.03905911825815946,0,0,1,0,0,1,1,0,0,0,0,1
70,0,0,0.39683337521990447,1,0.08400822042928908,0,0.04734438576746602,0,1,0,1,0,0,1,0,0,0,0,1
71,0,1,0.19577783362653933,1,0.005439691480184706,1,0.035245264960224704,0,0,1,0,0,1,0,0,1,0,0,1
72,0,0,0.2586076903744659,1,0.03775054549144974,0,0.06628214007445242,0,1,0,1,0,0,1,0,0,0,0,1
73,0,0,0.32143754712239253,0,0.006799614350230883,0,0.06517383054858165,0,0,1,0,1,0,1,0,0,1,0,0
74,1,0,0.39683337521990447,0,0.0040620084234028525,0,0.03639127822369533,0,0,1,1,0,0,1,0,0,0,0,1
75,0,0,0.3088715757728072,0,0.8832470695691886,0,0.03449376677343953,0,0,1,1,0,0,1,0,0,0,0,1
76,0,0,0.3278158951094034,0,0.8859998985132187,0,0.0356020762993103,0,0,1,1,0,0,1,0,0,0,0,1
77,0,0,0.3278158951094034,0,0.9507941340640382,0,0.036297362421723954,0,0,1,1,0,0,1,0,0,0,0,1
78,1,0,0.005152048253329982,0,0.6310904754655706,1,0.06538034225031021,0,1,0,1,0,0,0,0,1,0,0,1
79,1,1,0.37170143252073384,0,0.9248388897346121,0,0.02812481964043517,0,0,1,1,0,0,1,0,0,0,0,1
80,0,0,0.2711736617240512,0,0.8772694981478663,0,0.040580902086399445,0,0,1,1,0,0,1,0,0,0,0,1
81,1,0,0.35913546117114853,0,0.8772999441822703,0,0.04283539664675497,0,0,1,1,0,0,1,0,0,0,0,1
82,1,1,0.26803216888665493,0,0.839630588115898,0,0.035113752777537297,0,0,1,1,0,0,1,0,0,0,1,0
83,0,0,0.34656948982156316,0,0.28684985030699756,0,0.21237338758549043,1,0,0,1,0,0,1,0,0,0,0,1
84,1,1,0.20834380497612465,1,0.03776576850865175,0,0.04734438576746602,0,1,0,1,0,0,1,0,0,0,0,1
85,1,1,0.4093993465694898,0,0.7535117473227452,1,0.03573373878163506,0,0,1,0,0,1,1,0,0,0,0,1
86,0,0,0.19577783362653933,1,0.01676561627847973,1,0.03874912525611058,0,0,1,0,1,0,0,0,1,0,0,1
87,0,0,0.3278158951094034,1,0.9947886537778455,0,0.036297362421723954,0,0,1,1,0,0,1,0,0,0,0,1
88,1,1,0.2837396330736366,0,0.050616532196681385,1,0.2964660346867515,1,0,0,0,0,1,0,0,1,0,0,1
89,0,0,0.2963056044232219,0,0.8709468716699651,0,0.036297362421723954,0,0,1,1,0,0,1,0,0,0,0,1
90,0,0,0.35913546117114853,0,0.8709494088394987,0,0.036297362421723954,0,0,1,1,0,0,1,0,0,0,0,1
91,0,0,0.24604171902488062,0,0.8815801491855686,0,0.03541450235188872,0,0,1,1,0,0,1,0,0,0,0,1
92,0,0,0.5727569741140991,1,0.014548130106053688,0,0.2758374094594984,1,0,0,0,1,0,1,0,0,0,0,1
93,0,0,0.32143754712239253,1,0.005873547470441975,1,0.04638622557931492,0,0,1,0,1,0,0,0,1,0,0,1
94,0,0,0.7361146016587082,0,0.9247982950220734,0,0.032690171125155106,0,0,1,1,0,0,1,0,0,0,0,1
95,0,0,0.3278158951094034,0,0.9512102298675599,0,0.036297362421723954,0,0,1,1,0,0,1,0,0,0,0,1
96,0,0,0.8869062578537321,1,0.04504490790074593,0,0.15625541078694485,1,0,0,1,0,0,1,0,0,1,0,0
97,1,0,0.2837396330736366,1,0.045057593748414275,0,0.2856818854067469,1,0,0,1,0,0,0,1,0,1,0,0
98,1,1,0.4219653179190751,0,0.5884178210788046,1,0.05185337488817707,0,1,0,1,0,0,0,1,0,0,0,1
99,0,0,0.4219653179190751,0,0.6200005074339068,1,0.05861685856924364,0,1,0,0,1,0,1,0,0,0,0,1
100,0,1,0.34656948982156316,0,0.8860937737859644,0,0.0356020762993103,0,0,1,1,0,0,1,0,0,0,0,1
101,0,0,0.3278158951094034,0,0.8860176586999544,0,0.0356020762993103,0,0,1,1,0,0,1,0,0,0,0,1
102,0,0,0.2586076903744659,0,0.08951387831734917,1,0.1742442483334776,1,0,0,1,0,0,0,1,0,0,0,1
103,0,0,0.4093993465694898,0,0.019130258283858528,0,0.03902169364845756,0,0,1,1,0,0,1,0,0,0,0,1
104,0,0,0.4596632319678311,0,0.7535117473227452,1,0.03573373878163506,0,0,1,0,0,1,1,0,0,0,0,1
105,0,0,0.34656948982156316,0,0.885997361343685,0,0.0356020762993103,0,0,1,1,0,0,1,0,0,0,0,1
106,1,1,0.2586076903744659,0,0.8705536103922464,0,0.03449376677343953,0,0,1,1,0,0,1,0,0,0,0,1
107,1,0,0.3278158951094034,0,0.7941112295123561,0,0.035057390413528414,0,0,1,1,0,0,1,0,0,0,0,1
108,0,0,0.4722292033174164,0,0.8861039224640991,0,0.0356020762993103,0,0,1,1,0,0,1,0,0,0,0,1
109,1,1,0.26803216888665493,0,0.9415689856396205,1,0.03629736242172394,0,0,1,0,1,0,1,0,0,0,1,0
110,0,0,0.5853229454636844,0,0.2802684325366621,0,0.11723371713848728,1,0,0,1,0,0,1,0,0,0,0,1
111,0,1,0.17692887660216136,0,0.006761556807225859,1,0.03258691527429083,0,0,1,0,1,0,1,0,0,1,0,0
112,0,0,0.2711736617240512,0,0.8237402953265338,0,0.036297362421723954,0,0,1,1,0,0,1,0,0,0,0,1
113,0,1,0.24604171902488062,0,0.01049373319125184,0,0.04430081811098606,0,0,1,0,1,0,1,0,0,0,0,1
114,0,1,0.20834380497612465,0,0.006665144364946466,0,0.03259615870198828,0,0,1,1,0,0,1,0,0,1,0,0
115,0,0,0.2586076903744659,1,0.7535117473227452,0,0.03573373878163506,0,0,1,1,0,0,1,0,0,0,0,1
116,0,0,0.8806232721789394,0,0.9396889430151724,0,0.034944665685510634,0,0,1,1,0,0,1,0,0,0,1,0
117,0,0,0.35913546117114853,0,0.029603694118841024,1,0.04734438576746602,0,1,0,0,1,0,1,0,0,0,0,1
118,0,0,0.2963056044232219,1,0.04454762267214696,1,0.5580342971748478,1,0,0,1,0,0,0,1,0,1,0,0
119,0,1,0.01985423473234481,0,0.88060587608464,1,0.020145519250034008,0,0,1,0,0,1,0,0,1,0,0,1
120,0,0,0.2586076903744659,1,0.03775054549144974,1,0.06628214007445242,0,1,0,0,0,1,1,0,0,0,0,1
121,0,0,0.3278158951094034,1,0.13830111128025577,0,0.036297362421723954,0,0,1,1,0,0,1,0,0,0,0,1
122,0,0,0.40311636089469716,0,0.6031765362561526,1,0.06779445502553891,0,1,0,0,1,0,1,0,0,1,0,0
123,1,1,0.40311636089469716,0,0.0691810016745319,0,0.05861685856924364,0,1,0,1,0,0,1,0,0,0,0,1
124,0,0,0.6732847449107816,0,0.08951387831734917,1,0.1742442483334776,1,0,0,1,0,0,0,1,0,0,0,1
125,1,0,0.14551394822819805,0,0.006726036433754504,1,0.025344351499148703,0,0,1,0,1,0,1,0,0,1,0,0
126,0,0,0.3278158951094034,0,0.9396965545237733,0,0.034944665685510634,0,0,1,1,0,0,1,0,0,0,1,0
127,1,0,0.2963056044232219,1,0.04406809763028366,0,0.0322018476033821,0,0,1,1,0,0,1,0,0,0,0,1
128,1,1,0.26803216888665493,0,0.006769168315826864,1,0.05040666572879693,0,0,1,0,1,0,0,1,0,1,0,0
129,0,0,0.5601910027645137,0,0.880552595524433,0,0.031450199116959565,0,0,1,1,0,0,1,0,0,0,0,1
130,0,0,0.4093993465694898,0,0.8860836251078298,0,0.0356020762993103,0,0,1,1,0,0,1,0,0,1,0,0
131,0,0,0.24604171902488062,1,0.7535117473227452,0,0.0317883733010129,0,0,1,1,0,0,1,0,0,0,0,1
132,0,1,0.5853229454636844,1,0.008466534733850917,0,0.06538034225031021,0,0,1,0,1,0,1,0,0,0,0,1
133,1,1,0.35913546117114853,0,0.5795250418632973,0,0.11723371713848728,0,1,0,0,1,0,1,0,0,0,0,1
134,0,0,0.3088715757728072,1,0.07402953265337191,0,0.05861685856924364,0,1,0,1,0,0,1,0,0,0,0,1
135,0,0,0.2837396330736366,1,0.005411782615314355,0,0.0678413485123943,0,1,0,1,0,0,1,0,0,1,0,0
136,1,1,0.2334757476752953,0,0.029816816359669155,0,0.11851111375638472,1,0,0,1,0,0,0,0,1,0,0,1
137,0,0,0.4596632319678311,0,0.2887375044400467,1,0.11971366115487836,1,0,0,0,1,0,1,0,0,0,0,1
138,0,0,0.19577783362653933,0,0.01911503526665652,0,0.020779000014428763,0,0,1,1,0,0,1,0,0,0,0,1
139,0,0,0.2963056044232219,1,0.04463642360582534,0,0.17855596918015756,1,0,0,1,0,0,1,0,0,1,0,0
140,0,1,0.26803216888665493,0,0.006794540011163547,1,0.034371573168268256,0,0,1,1,0,0,0,0,1,1,0,0
141,1,1,0.2711736617240512,0,0.8806033389151063,0,0.034944665685510634,0,0,1,1,0,0,1,0,0,0,0,1
142,1,1,0.2963056044232219,1,0.7535117473227452,1,0.03573373878163506,0,0,1,0,1,0,1,0,0,0,0,1
143,0,0,0.2334757476752953,0,0.9266301314253819,0,0.030435676564799584,0,0,1,1,0,0,1,0,0,0,1,0
144,0,0,0.22090977632571,0,0.58848378748668,0,0.05185337488817707,0,1,0,1,0,0,1,0,0,0,0,1
145,0,0,0.2334757476752953,1,0.08401075759882276,0,0.08285267509306553,0,1,0,0,1,0,0,1,0,0,0,1
146,1,0,0.33400351847197784,0,0.8881184350738317,0,0.0351511773872392,0,0,1,1,0,0,1,0,0,0,0,1
147,0,1,0.10781603417944208,1,0.01676561627847973,1,0.03874912525611058,0,0,1,0,0,1,0,0,1,0,0,1
148,0,0,0.4533802462930384,0,0.5837519663063886,1,0.03907790571282909,0,1,0,1,0,0,0,0,1,0,0,1
149,0,0,0.5224930887157577,0,0.6198558887704877,0,0.05861685856924364,0,1,0,1,0,0,1,0,0,0,0,1
150,0,0,0.6355868308620256,1,0.002958339676257168,0,0.0564750887369059,0,1,0,1,0,0,1,0,0,0,0,1
151,1,1,0.2711736617240512,0,0.28866900086263764,1,0.15014933771967792,1,0,0,0,1,0,1,0,0,0,0,1
152,0,0,0.6921337019351597,1,0.028431521794286298,0,0.036297362421723954,0,0,1,1,0,0,1,0,0,0,0,1
153,0,0,0.5036441316913798,1,0.002159131273151672,0,0.06538034225031021,0,0,1,1,0,0,0,0,1,0,0,1
154,0,0,0.3278158951094034,1,0.6731161516212514,0,0.03297198294519955,0,0,1,1,0,0,1,0,0,0,0,1
155,0,0,0.6355868308620256,1,0.04464657228396002,0,0.27675814503794766,1,0,0,1,0,0,0,1,0,1,0,0
156,1,1,0.19577783362653933,0,0.09096006495154006,0,0.034869365567194756,0,0,1,1,0,0,1,0,0,0,1,0
157,0,0,0.37170143252073384,1,0.9947988024559802,0,0.036297362421723954,0,0,1,1,0,0,1,0,0,0,0,1
158,0,0,0.3278158951094034,0,0.7993022783782413,0,0.03905911825815946,0,0,1,1,0,0,1,0,0,0,0,1
159,0,0,0.3278158951094034,1,0.005944588217384686,1,0.044800027620779066,0,0,1,0,0,1,0,0,1,0,0,1
160,0,0,0.5476250314149284,0,0.9422083523621049,0,0.07259472484344791,0,0,1,1,0,0,0,1,0,0,0,1
161,1,1,0.49736114601658704,1,0.08523621048358453,0,0.07101657865119902,0,1,0,1,0,0,1,0,0,0,0,1
162,0,0,0.32143754712239253,0,0.8805703557111687,0,0.035057390413528414,0,0,1,1,0,0,1,0,0,0,0,1
163,0,0,0.20834380497612465,0,0.7994443598721267,0,0.03905911825815946,0,0,1,1,0,0,1,0,0,0,0,1
164,0,0,0.007288263382759488,0,0.7535117473227452,1,0.029825084288036628,0,0,1,0,0,1,0,1,0,0,0,1
165,1,0,0.10781603417944208,0,0.9217308570558685,1,0.030849000567531426,0,0,1,1,0,0,0,0,1,0,0,1
166,1,1,0.42965273568588025,0,0.28798142791901354,0,0.12399720081955386,1,0,0,1,0,0,0,1,0,0,0,1
167,0,1,0.5601910027645137,0,0.880621099101842,1,0.020966799411306376,0,0,1,0,1,0,0,0,1,0,0,1
168,0,0,0.5134630075221647,1,0.04393870198406658,0,0.11689554295443395,1,0,0,1,0,0,1,0,0,0,0,1
169,0,0,0.34656948982156316,0,0.0040620084234028525,0,0.03639127822369533,0,0,1,1,0,0,1,0,0,0,0,1
170,0,0,0.7612465443578789,0,0.282234738925255,0,0.15105113554382016,1,0,0,1,0,0,1,0,0,0,0,1
171,0,0,0.04498617743151546,0,0.9708529963972193,1,0.026264861628141862,0,0,1,0,0,1,0,1,0,0,1,0
172,1,1,0.007288263382759488,0,0.8822804079768611,1,0.016733309525870776,0,0,1,0,1,0,0,1,0,0,0,1
173,0,0,0.2586076903744659,1,0.7535117473227452,0,0.03573373878163506,0,0,1,1,0,0,1,0,0,0,0,1
174,0,0,0.6984166876099522,0,0.04507027959608261,0,0.13840702825152223,1,0,0,1,0,0,1,0,0,1,0,0
175,0,0,0.22090977632571,0,0.889034353275486,0,0.03541450235188872,0,0,1,0,1,0,0,1,0,0,0,1
176,0,0,0.3278158951094034,0,0.010486121682650836,1,0.02870726831010302,0,0,1,0,0,1,0,1,0,0,0,1
177,0,1,0.6230208595124404,1,0.04464149794489268,0,0.129464350128416,1,0,0,1,0,0,1,0,0,1,0,0
178,0,0,0.37170143252073384,0,0.6359491551225454,0,0.05861685856924364,0,1,0,1,0,0,1,0,0,0,0,1
179,0,0,0.4470972606182458,1,0.0,0,0.0,0,0,1,1,0,0,1,0,0,0,0,1
180,0,1,0.26803216888665493,1,0.005944588217384686,1,0.044800027620779066,0,0,1,0,0,1,0,0,1,0,0,1
181,0,0,0.38100913634967415,1,0.005406708276247019,0,0.06786028626670129,0,1,0,1,0,0,1,0,0,1,0,0
182,0,0,0.10781603417944208,0,0.8805931902369717,1,0.03538147400657952,0,0,1,0,0,1,0,0,1,0,0,1
183,1,0,0.007288263382759488,0,0.5838940478002741,1,0.08792528785386547,0,1,0,0,0,1,0,1,0,0,0,1
184,1,1,0.04498617743151546,0,0.7995965900441468,0,0.09931048538366086,0,0,1,1,0,0,0,0,1,0,0,1
185,0,0,0.5134630075221647,0,0.28864616633683465,0,0.22544945603555247,1,0,0,1,0,0,1,0,0,0,0,1
186,1,1,0.26803216888665493,0,0.9396787943370377,1,0.034944665685510634,0,0,1,0,1,0,1,0,0,0,1,0
187,1,0,0.5601910027645137,0,0.28271172679758466,0,0.11971366115487836,1,0,0,1,0,0,1,0,0,0,0,1
188,0,0,0.49736114601658704,0,0.9256837671893237,1,0.034944665685510634,0,0,1,0,1,0,0,1,0,0,1,0
189,0,0,0.4470972606182458,0,0.8860988481250318,0,0.0356020762993103,0,0,1,1,0,0,1,0,0,0,0,1
190,1,1,0.39683337521990447,0,0.5952301212767037,0,0.05861685856924364,0,1,0,1,0,0,1,0,0,0,0,1
191,0,0,0.2334757476752953,0,0.07211650682498605,0,0.05861685856924364,0,1,0,1,0,0,1,0,0,0,0,1
192,1,1,0.2334757476752953,0,0.8881260465824327,0,0.03541450235188872,0,0,1,0,1,0,1,0,0,0,0,1
193,1,0,0.032420206081930136,0,0.5837519663063886,1,0.03907790571282909,0,1,0,0,1,0,0,1,0,0,0,1
194,1,1,0.5476250314149284,1,0.044679555487897704,0,0.12499278561740686,1,0,0,1,0,0,1,0,0,1,0,0
195,1,1,0.723548630309123,1,0.04457553153701731,0,0.3303303465789398,1,0,0,1,0,0,1,0,0,1,0,0
196,0,0,0.3278158951094034,0,0.9354620185720811,0,0.034944665685510634,0,0,1,1,0,0,1,0,0,0,1,0
197,0,0,0.5224930887157577,0,0.011617699294666871,0,0.0378944463682798,0,0,1,1,0,0,0,1,0,0,0,1
198,1,1,0.26803216888665493,0,0.939691480184706,0,0.034944665685510634,0,0,1,1,0,0,1,0,0,0,1,0
199,0,1,0.2963056044232219,0,0.6311133099913737,0,0.05861685856924364,0,1,0,1,0,0,1,0,0,0,0,1
200,0,0,0.34656948982156316,0,0.8772771096564673,0,0.04283539664675497,0,0,1,1,0,0,1,0,0,0,0,1
201,0,0,0.3278158951094034,1,0.005944588217384686,1,0.044800027620779066,0,0,1,0,0,1,0,0,1,0,0,1
202,0,0,0.4219653179190751,0,0.7535117473227452,0,0.029289491530314835,0,0,1,1,0,0,1,0,0,0,0,1
203,0,0,0.5664739884393064,0,0.006667681534480135,0,0.03257744639713733,0,0,1,1,0,0,1,0,0,1,0,0
204,1,0,0.22090977632571,1,0.00898158014918557,0,0.036297362421723954,0,0,1,1,0,0,1,0,0,0,0,1
205,0,1,0.01985423473234481,0,0.8805348353376974,1,0.023587649337719677,0,0,1,1,0,0,0,1,0,0,0,1
206,0,0,0.39683337521990447,0,0.7535117473227452,1,0.03573373878163506,0,0,1,0,1,0,1,0,0,0,0,1
207,1,0,0.32143754712239253,0,0.0068478205713705794,0,0.04235631655267942,0,0,1,1,0,0,1,0,0,1,0,0
208,1,1,0.19577783362653933,0,0.9317273050185214,0,0.034944665685510634,0,0,1,1,0,0,1,0,0,0,1,0
209,1,0,0.49736114601658704,0,0.284865783731669,0,0.13977866274204254,1,0,0,1,0,0,1,0,0,1,0,0
210,0,0,0.2963056044232219,1,0.7535117473227452,1,0.0317883733010129,0,0,1,1,0,0,1,0,0,0,0,1
211,1,1,0.4345312892686604,1,0.03432282945146395,0,0.09468877153493203,0,1,0,1,0,0,1,0,0,0,0,1
212,0,0,0.2711736617240512,1,0.05372202770589131,0,0.032690171125155106,0,0,1,1,0,0,1,0,0,0,0,1
213,0,0,0.37170143252073384,0,0.6359313949358096,0,0.05861685856924364,0,1,0,1,0,0,1,0,0,0,0,1
214,0,0,0.3278158951094034,0,0.931722230679454,0,0.034944665685510634,0,0,1,0,1,0,1,0,0,0,1,0
215,1,1,0.38426740387031916,0,0.08949358096107983,1,0.17025191421618138,1,0,0,0,1,0,1,0,0,1,0,0
216,1,1,0.33400351847197784,1,0.7535117473227452,0,0.03573373878163506,0,0,1,1,0,0,1,0,0,0,0,1
217,0,0,0.5224930887157577,0,0.6186811792763993,1,0.06087135312959917,0,1,0,0,1,0,1,0,0,0,0,1
218,1,1,0.39683337521990447,0,0.02997158370122292,0,0.3439984453005512,1,0,0,1,0,0,1,0,0,1,0,0
219,0,0,0.37170143252073384,1,0.03604810473435835,0,0.04734438576746602,0,1,0,1,0,0,1,0,0,0,0,1
220,1,0,0.19577783362653933,1,0.9947962652864465,0,0.036297362421723954,0,0,1,1,0,0,1,0,0,0,0,1
221,0,0,0.33400351847197784,0,0.559108438625869,0,0.05861685856924364,0,1,0,1,0,0,1,0,0,0,0,1
222,0,0,0.6355868308620256,0,0.054396914801847066,0,0.036297362421723954,0,0,1,1,0,0,1,0,0,0,0,1
223,0,0,0.3278158951094034,0,0.8860658649210941,0,0.0356020762993103,0,0,1,1,0,0,1,0,0,0,0,1
224,1,0,0.4722292033174164,0,0.05059877200994571,1,0.20290451043199723,1,0,0,0,1,0,1,0,0,0,0,1
225,0,0,0.2711736617240512,1,0.011031613132389506,0,0.04215904827864831,0,0,1,1,0,0,1,0,0,0,0,1
226,1,0,0.2334757476752953,1,0.0019054143197848481,0,0.04734438576746602,0,1,0,1,0,0,1,0,0,0,0,1
227,0,0,0.2523247046996733,1,0.05371949053635764,0,0.032690171125155106,0,0,1,1,0,0,1,0,0,0,0,1
228,0,0,0.22090977632571,0,0.5992058659359619,0,0.05861685856924364,0,1,0,1,0,0,1,0,0,0,0,1
229,0,1,0.26803216888665493,0,0.010486121682650836,1,0.02870726831010302,0,0,1,0,0,1,0,1,0,0,0,1
230,1,1,0.4345312892686604,0,0.09380676916831583,1,0.18819393342567742,1,0,0,0,1,0,1,0,0,0,0,1
231,0,0,0.35913546117114853,0,0.880567818541635,0,0.035057390413528414,0,0,1,1,0,0,1,0,0,0,0,1
232,0,0,0.7361146016587082,0,0.6024306084132542,0,0.06087135312959917,0,1,0,1,0,0,1,0,0,0,0,1
233,1,1,0.05755214878110078,0,0.8805931902369717,1,0.03538147400657952,0,0,1,0,0,1,0,0,1,0,0,1
234,0,0,0.2963056044232219,1,0.07501395443243518,0,0.04734438576746602,0,1,0,1,0,0,1,0,0,0,0,1
235,0,1,0.26803216888665493,1,0.016768153448013398,0,0.03404286786136842,0,0,1,1,0,0,1,0,0,0,0,1
236,0,0,0.5476250314149284,0,0.06776018673567769,0,0.11723371713848728,0,1,0,0,1,0,1,0,0,0,0,1
237,1,1,0.09525006282985675,1,0.08098898868422388,1,0.039453654806221684,0,1,0,1,0,0,0,0,1,0,0,1
238,0,0,0.2334757476752953,0,0.0727279646826001,0,0.04734438576746602,0,1,0,1,0,0,1,0,0,0,0,1
239,0,0,0.4093993465694898,1,0.004021413710864161,0,0.05534784145672813,0,1,0,1,0,0,1,0,0,0,0,1
240,0,1,0.26803216888665493,0,0.006761556807225859,1,0.03258691527429083,0,0,1,0,1,0,1,0,0,1,0,0
241,1,1,0.26803216888665493,0,0.9317247678489877,1,0.034944665685510634,0,0,1,0,1,0,1,0,0,0,1,0
242,0,0,0.35913546117114853,1,0.03618764905871011,0,0.04734438576746602,0,1,0,1,0,0,1,0,0,0,0,1
243,0,0,0.2711736617240512,1,0.7535117473227452,0,0.03212654748506623,0,0,1,1,0,0,1,0,0,0,0,1
244,0,0,0.37170143252073384,0,0.006835134723702238,0,0.03257744639713733,0,0,1,1,0,0,1,0,0,1,0,0
245,0,0,0.5476250314149284,0,0.05056071446694069,1,0.20290451043199723,1,0,0,0,0,1,1,0,0,0,1,0
246,0,1,0.3088715757728072,0,0.8805779672197697,0,0.035057390413528414,0,0,1,1,0,0,1,0,0,0,0,1
247,1,1,0.2963056044232219,0,0.6359390064444107,1,0.032690171125155106,0,1,0,1,0,0,0,0,1,0,0,1
248,1,0,0.4596632319678311,0,0.029814279190135486,1,0.11848315802383631,1,0,0,0,1,0,0,1,0,0,0,1
249,0,0,0.6732847449107816,0,0.6197087329375349,1,0.05861685856924364,0,1,0,0,1,0,1,0,0,0,0,1
250,0,0,0.3278158951094034,0,0.919257116760542,0,0.032690171125155106,0,0,1,1,0,0,1,0,0,0,0,1
251,0,1,0.35913546117114853,0,0.8805348353376974,1,0.023587649337719677,0,0,1,0,1,0,0,1,0,0,0,1
252,0,0,0.7738125157074642,0,0.2880042624448166,0,0.11971366115487836,1,0,0,1,0,0,1,0,0,0,0,1
253,0,0,0.37170143252073384,1,0.008463997564317248,1,0.036297362421723954,0,0,1,0,1,0,1,0,0,0,0,1
254,0,1,0.5099271173661725,0,0.939080022327092,1,0.04556897130118604,0,0,1,1,0,0,0,0,1,0,0,1
255,1,1,0.35913546117114853,0,0.006723499264220836,0,0.06874314633653651,0,0,1,1,0,0,0,0,1,1,0,0
256,1,1,0.42965273568588025,1,0.044616126249556,0,0.35711193836031513,1,0,0,1,0,0,1,0,0,1,0,0
257,1,1,0.37170143252073384,0,0.27947429847262395,0,0.13000918631383526,1,0,0,1,0,0,1,0,0,0,0,1
258,1,1,0.4345312892686604,1,0.0450474450702796,0,0.7700289296741984,1,0,0,1,0,0,1,0,0,1,0,0
259,1,1,0.6230208595124404,0,0.5846475871517736,0,0.05861685856924364,0,1,0,1,0,0,0,1,0,0,0,1
260,0,0,0.3278158951094034,0,0.9754427360836252,0,0.034944665685510634,0,0,1,1,0,0,1,0,0,0,1,0
261,1,0,0.032420206081930136,0,0.8805931902369717,1,0.03538147400657952,0,0,1,0,0,1,0,0,1,0,0,1
262,0,0,0.648152802211611,0,0.28013649972091137,1,0.11971366115487836,1,0,0,0,1,0,0,1,0,0,0,1
263,0,0,0.49736114601658704,0,0.2843126807733293,0,0.0,1,0,0,1,0,0,1,0,0,0,0,1
264,0,1,0.26803216888665493,0,0.9708453848886184,0,0.034944665685510634,0,0,1,1,0,0,1,0,0,0,1,0
265,0,0,0.4470972606182458,1,0.0437611001167098,0,0.04734438576746602,0,1,0,1,0,0,1,0,0,0,0,1
266,0,0,0.19577783362653933,0,0.7535117473227452,1,0.029825084288036628,0,0,1,0,0,1,0,1,0,0,0,1
267,1,0,0.3088715757728072,0,0.8806084132541737,0,0.035057390413528414,0,0,1,0,1,0,1,0,0,0,0,1
268,1,1,0.723548630309123,1,0.044608514740954994,1,0.23065358097903982,1,0,0,1,0,0,0,1,0,0,0,1
269,1,1,0.4345312892686604,1,0.045060130917947944,0,0.2038563580353793,1,0,0,1,0,0,1,0,0,0,0,1
270,0,0,0.5134630075221647,0,0.28872481859237836,0,0.06988933137102127,1,0,0,1,0,0,1,0,0,0,0,1
271,1,0,0.3088715757728072,1,0.0,0,0.0,0,0,1,1,0,0,1,0,0,0,0,1
272,1,1,0.5099271173661725,0,0.6359263205967424,1,0.043962643926932735,0,1,0,1,0,0,0,1,0,0,0,1
273,0,0,0.4596632319678311,1,0.04464403511442635,0,0.13391697688511817,1,0,0,1,0,0,0,1,0,1,0,0
274,1,1,0.26803216888665493,0,0.9397041660323744,0,0.034944665685510634,0,0,1,1,0,0,1,0,0,0,1,0
275,1,1,0.7863784870570495,0,0.034256863043588576,0,0.11717104218970939,1,0,0,0,1,0,1,0,0,0,0,1
276,0,1,0.5601910027645137,0,0.880583041558837,0,0.034944665685510634,0,0,1,1,0,0,1,0,0,0,0,1
277,0,0,0.38100913634967415,0,0.6085477241589283,0,0.0,0,1,0,1,0,0,1,0,0,0,0,1
278,0,0,0.08268409148027142,0,0.9708529963972193,1,0.026264861628141862,0,0,1,0,0,1,0,1,0,0,1,0
279,1,1,0.4345312892686604,1,0.006781854163495206,1,0.04565351484719937,0,0,1,0,1,0,0,1,0,0,0,1
280,0,0,0.8115104297562202,0,0.8536027807378089,0,0.034944665685510634,0,0,1,1,0,0,1,0,0,0,1,0
281,0,0,0.34656948982156316,0,0.8815750748465013,0,0.03541450235188872,0,0,1,1,0,0,1,0,0,0,0,1
282,0,0,0.19577783362653933,0,0.8772974070127366,0,0.04283539664675497,0,0,1,1,0,0,1,0,0,0,0,1
283,1,0,0.2334757476752953,1,0.02659461105191049,0,0.036297362421723954,0,0,1,1,0,0,1,0,0,0,0,1
284,0,0,0.5134630075221647,0,0.28684223879839654,0,0.11723371713848728,1,0,0,1,0,0,1,0,0,0,0,1
285,0,0,0.4093993465694898,0,0.8860785507687624,0,0.03905911825815946,0,0,1,1,0,0,1,0,0,1,0,0
286,1,0,0.37170143252073384,0,0.877287258334602,0,0.04283539664675497,0,0,1,1,0,0,1,0,0,0,0,1
287,0,0,0.2711736617240512,0,0.8859948241741514,0,0.0356020762993103,0,0,1,1,0,0,1,0,0,0,0,1
288,1,0,0.5224930887157577,0,0.6033338407672401,0,0.05861685856924364,0,1,0,1,0,0,1,0,0,0,0,1
289,1,1,0.2711736617240512,0,0.939699091693307,0,0.034944665685510634,0,0,1,1,0,0,1,0,0,0,1,0
290,1,1,0.32143754712239253,0,0.0504313188207236,0,0.17776689608403312,1,0,0,1,0,0,1,0,0,0,0,1
291,1,1,0.2334757476752953,0,0.030362307809407827,1,0.2053375609615329,1,0,0,0,1,0,1,0,0,1,0,0
292,0,0,0.4470972606182458,1,0.005487897701324403,0,0.05805323492915476,0,1,0,1,0,0,1,0,0,1,0,0
293,0,1,0.2963056044232219,0,0.8860709392601614,0,0.03990455371829279,0,0,1,1,0,0,1,0,0,0,0,1
294,0,0,0.2963056044232219,0,0.8860633277515604,0,0.0356020762993103,0,0,1,1,0,0,1,0,0,0,0,1
295,0,0,0.5134630075221647,1,0.04468462982696504,0,0.12499278561740686,1,0,0,1,0,0,1,0,0,1,0,0
296,0,0,0.2900226187484292,0,0.00683259755416857,0,0.032596384151444315,0,0,1,1,0,0,1,0,0,1,0,0
297,0,1,0.01985423473234481,0,0.28868168671030603,1,0.1708343253109399,1,0,0,0,1,0,0,0,1,0,0,1
298,1,0,0.5134630075221647,0,0.050712944638960776,0,0.137524168181687,1,0,0,1,0,0,1,0,0,0,0,1
299,1,1,0.6230208595124404,1,0.04454762267214696,1,0.5580342971748478,1,0,0,1,0,0,0,1,0,1,0,0
300,1,1,0.26803216888665493,0,0.023428223473892527,0,0.034944665685510634,0,0,1,1,0,0,1,0,0,0,1,0
301,1,0,0.3278158951094034,0,0.9317146191708531,1,0.05241699852826595,0,0,1,0,0,1,1,0,0,0,1,0
302,0,0,0.2334757476752953,1,0.0,1,0.0,0,0,1,1,0,0,1,0,0,0,0,1
303,1,1,0.35565434748646607,0,0.5749048561424875,0,0.05568601564078146,0,1,0,1,0,0,1,0,0,0,1,0
304,0,0,0.3278158951094034,1,0.00625666007002588,0,0.036297362421723954,0,0,1,1,0,0,1,0,0,0,0,1
305,1,0,0.006282985674792663,0,0.28868168671030603,1,0.1708343253109399,1,0,0,0,1,0,0,0,1,0,0,1
306,1,1,0.42965273568588025,0,0.044200030446034405,0,0.12499289834213488,1,0,0,1,0,0,1,0,0,1,0,0
307,1,1,0.20834380497612465,1,0.045055056578880606,1,0.24551445762271665,1,0,0,0,1,0,1,0,0,1,0,0
308,0,0,0.37170143252073384,1,0.008578170193332318,1,0.05410786944853259,0,1,0,0,1,0,1,0,0,1,0,0
309,1,1,0.37170143252073384,1,0.044362409296189176,0,0.12834657172539174,1,0,0,1,0,0,1,0,0,1,0,0
310,1,1,0.2963056044232219,0,0.02985487390267418,0,0.1874799349984128,1,0,0,1,0,0,1,0,0,1,0,0
311,1,1,0.22090977632571,1,0.04467448114883037,1,0.5915230102732808,1,0,0,0,0,1,0,0,1,1,0,0
312,0,1,0.32143754712239253,0,0.635944080783478,0,0.11723371713848728,0,1,0,0,1,0,0,1,0,0,0,1
313,0,0,0.34656948982156316,0,0.8860886994468972,0,0.0356020762993103,0,0,1,1,0,0,1,0,0,0,0,1
314,0,0,0.5350590600653431,1,0.03432536662099762,1,0.039453654806221684,0,1,0,0,1,0,0,1,0,0,0,1
315,1,1,0.32143754712239253,0,0.8815902978637034,0,0.03541450235188872,0,0,1,1,0,0,1,0,0,0,0,1
316,1,1,0.2963056044232219,0,0.6200005074339068,1,0.05861685856924364,0,1,0,0,1,0,1,0,0,0,0,1
317,0,0,0.6732847449107816,0,0.0736058253412493,0,0.06312584768995469,0,1,0,1,0,0,1,0,0,0,0,1
318,1,1,0.38426740387031916,0,0.09369259653930076,1,0.3716910783337662,1,0,0,1,0,0,0,0,1,0,0,1
319,1,1,0.49736114601658704,0,0.04304561830821536,0,0.3032295183678181,1,0,0,0,1,0,0,1,0,1,0,0
320,0,0,0.2711736617240512,1,0.05371695336682398,0,0.032690171125155106,0,0,1,1,0,0,1,0,0,0,0,1
321,0,0,0.33400351847197784,0,0.8860278073780891,0,0.0356020762993103,0,0,1,1,0,0,1,0,0,0,0,1
322,1,1,0.37170143252073384,0,0.5957730755569087,0,0.05568601564078146,0,1,0,1,0,0,1,0,0,0,1,0
323,1,1,0.2711736617240512,0,0.6310904754655706,1,0.06538034225031021,0,1,0,0,1,0,0,1,0,0,0,1
324,0,0,0.3278158951094034,1,0.005944588217384686,1,0.044800027620779066,0,0,1,0,0,1,0,0,1,0,0,1
325,1,1,0.4470972606182458,1,0.045060130917947944,0,0.2038563580353793,1,0,0,1,0,0,1,0,0,1,0,0
326,0,0,0.7612465443578789,0,0.876247018825798,0,0.02812481964043517,0,0,1,1,0,0,1,0,0,0,0,1
327,1,1,0.4470972606182458,0,0.07243872735576191,0,0.05861685856924364,0,1,0,1,0,0,1,0,0,0,0,1
328,1,1,0.38426740387031916,0,0.9217308570558685,1,0.030849000567531426,0,0,1,0,1,0,0,1,0,0,0,1
329,1,1,0.19577783362653933,0,0.28254173643882885,1,0.13071379101376504,1,0,0,1,0,0,0,1,0,1,0,0
330,1,1,0.26803216888665493,0,0.9317146191708531,1,0.05241699852826595,0,0,1,0,0,1,1,0,0,0,1,0
331,0,0,0.5664739884393064,0,0.28680925559445886,0,0.12850618994026491,1,0,0,1,0,0,1,0,0,0,0,1
332,0,0,0.4722292033174164,1,0.044608514740954994,1,0.23065358097903982,1,0,0,1,0,0,0,1,0,0,0,1
333,0,0,0.19577783362653933,0,0.8772618866392653,1,0.040580902086399445,0,0,1,0,0,1,1,0,0,0,0,1
334,1,1,0.42965273568588025,1,0.04468209265743137,1,0.3013131979915159,1,0,0,0,1,0,1,0,0,0,0,1
335,0,0,0.3278158951094034,0,0.8860430303952911,0,0.0356020762993103,0,0,1,1,0,0,1,0,0,0,0,1
336,0,0,0.35913546117114853,0,0.28866900086263764,1,0.15014933771967792,1,0,0,0,1,0,1,0,0,0,0,1
337,1,1,0.5099271173661725,0,0.04304561830821536,0,0.3032295183678181,1,0,0,1,0,0,1,0,0,1,0,0
338,1,0,0.5601910027645137,0,0.019277414116811286,0,0.036297362421723954,0,0,1,1,0,0,1,0,0,0,0,1
339,0,0,0.5601910027645137,0,0.288689298218907,0,0.16006911378524225,1,0,0,1,0,0,1,0,0,0,0,1
340,1,0,0.01985423473234481,0,0.5837519663063886,1,0.03907790571282909,0,1,0,0,1,0,0,1,0,0,0,1
341,1,1,0.2963056044232219,0,0.050616532196681385,1,0.2964660346867515,1,0,0,0,0,1,0,0,1,0,0,1
342,0,0,0.34656948982156316,0,0.631095549804638,0,0.05861685856924364,0,1,0,1,0,0,1,0,0,0,0,1
343,0,0,0.3088715757728072,0,0.6199852844167048,0,0.05861685856924364,0,1,0,1,0,0,1,0,0,0,0,1
344,0,0,0.4470972606182458,0,0.5816105952199726,0,0.05861685856924364,0,1,0,1,0,0,1,0,0,0,0,1
345,1,1,0.2963056044232219,0,0.6310777896179023,0,0.05861685856924364,0,1,0,1,0,0,1,0,0,0,0,1
346,1,1,0.49736114601658704,0,0.07971279240878876,0,0.05861685856924364,0,1,0,1,0,0,1,0,0,0,0,1
347,1,1,0.26803216888665493,0,0.9806794540011164,0,0.07259472484344791,0,0,1,0,1,0,1,0,0,0,0,1
348,1,0,0.032420206081930136,1,0.09557771350281627,1,0.03584646350965284,0,0,1,0,1,0,0,1,0,0,0,1
349,0,0,0.5224930887157577,0,0.7994316740244584,0,0.03905911825815946,0,0,1,1,0,0,1,0,0,0,0,1
350,0,0,0.2837396330736366,0,0.0184376110011671,0,0.041595424638559426,0,0,1,1,0,0,1,0,0,0,0,1
351,0,0,0.5134630075221647,0,0.28799411376668194,0,0.15781461922488674,1,0,0,1,0,0,1,0,0,0,0,1
352,0,0,0.18321186227695402,0,0.006837671893235906,0,0.032596384151444315,0,0,1,0,1,0,0,1,0,1,0,0
353,0,0,0.3088715757728072,0,0.8860734764296951,1,0.04013000317432834,0,0,1,0,1,0,1,0,0,0,0,1
354,0,0,0.3278158951094034,0,0.006715887755619831,0,0.03257744639713733,0,0,1,1,0,0,1,0,0,1,0,0
355,0,0,0.34656948982156316,0,0.877310092860405,0,0.04283539664675497,0,0,1,1,0,0,1,0,0,0,0,1
356,1,1,0.2711736617240512,0,0.28798142791901354,0,0.12399720081955386,1,0,0,1,0,0,0,1,0,0,0,1
357,0,1,0.4722292033174164,0,0.6030116202364643,0,0.05861685856924364,0,1,0,1,0,0,1,0,0,0,0,1
358,1,1,0.26803216888665493,0,0.8396280509463643,0,0.0355272270799065,0,0,1,1,0,0,1,0,0,0,1,0
359,1,1,0.26803216888665493,0,0.8397523722535141,0,0.0355272270799065,0,0,1,1,0,0,1,0,0,0,1,0
360,0,0,0.49736114601658704,0,0.880621099101842,1,0.020966799411306376,0,0,1,0,1,0,0,0,1,0,0,1
361,0,0,0.35913546117114853,1,0.005498046379459076,0,0.12499278561740686,0,1,0,0,1,0,1,0,0,1,0,0
362,0,1,0.5601910027645137,0,0.006827523215101234,1,0.03258691527429083,0,0,1,1,0,0,0,1,0,1,0,0
363,0,0,0.4345312892686604,1,0.7535117473227452,0,0.0317883733010129,0,0,1,1,0,0,1,0,0,0,0,1
364,0,0,0.3278158951094034,0,0.9396787943370377,1,0.034944665685510634,0,0,1,0,1,0,1,0,0,0,1,0
365,0,0,0.37170143252073384,1,0.017953011620236464,0,0.032690171125155106,0,0,1,1,0,0,1,0,0,0,0,1
366,1,1,0.7486805730082936,0,0.2811513675343787,0,0.3393014313335065,1,0,0,0,1,0,1,0,0,1,0,0
367,1,1,0.26803216888665493,0,0.006662607195412798,0,0.032596384151444315,0,0,1,1,0,0,1,0,0,1,0,0
368,1,1,0.26803216888665493,0,0.03631450753539352,0,0.034944665685510634,0,0,1,1,0,0,1,0,0,0,1,0
369,1,1,0.2963056044232219,1,0.044342111939919826,0,0.15623647303263785,1,0,0,1,0,0,1,0,0,1,0,0
370,1,0,0.3088715757728072,0,0.02984979956360684,0,0.24998602213372578,1,0,0,0,1,0,1,0,0,1,0,0
371,0,0,0.22090977632571,0,0.7535117473227452,0,0.029289491530314835,0,0,1,0,1,0,1,0,0,0,0,1
372,0,0,0.2334757476752953,0,0.82191860760136,0,0.036297362421723954,0,0,1,1,0,0,1,0,0,0,0,1
373,0,0,0.2711736617240512,1,0.045060130917947944,0,0.2038563580353793,1,0,0,1,0,0,1,0,0,1,0,0
374,0,1,0.032420206081930136,0,0.8877784543563202,1,0.02375673642974634,0,0,1,0,0,1,0,1,0,0,0,1
375,1,1,0.42965273568588025,1,0.0446643324706957,1,0.18525362162006176,1,0,0,0,1,0,1,0,0,1,0,0
376,1,1,0.2711736617240512,1,0.017955548789770133,0,0.032690171125155106,0,0,1,1,0,0,1,0,0,0,0,1
377,0,0,0.33400351847197784,0,0.2879763535799462,0,0.953651199030387,1,0,0,1,0,0,0,0,1,1,0,0
378,0,0,0.24604171902488062,0,0.0067184249251534996,0,0.018092318846853087,0,0,1,1,0,0,1,0,0,1,0,0
379,0,0,0.2334757476752953,0,0.8805728928807024,0,0.035057390413528414,0,0,1,1,0,0,1,0,0,0,0,1
380,1,1,0.5224930887157577,1,0.04505251940934694,0,0.2564769374224454,1,0,0,1,0,0,1,0,0,1,0,0
381,1,1,0.007288263382759488,0,0.006731110772821841,1,0.035489577020748564,0,0,1,1,0,0,0,0,1,1,0,0
382,0,0,0.39683337521990447,1,0.7535117473227452,0,0.03573373878163506,0,0,1,1,0,0,1,0,0,0,0,1
383,1,1,0.4345312892686604,0,0.2887019840665753,1,0.11723371713848728,1,0,0,0,1,0,1,0,0,0,0,1
384,0,0,0.3278158951094034,0,0.8860481047343585,0,0.0356020762993103,0,0,1,1,0,0,1,0,0,0,0,1
385,0,0,0.22090977632571,1,0.03775054549144974,0,0.06628214007445242,0,1,0,1,0,0,1,0,0,0,0,1
386,0,0,0.007288263382759488,1,0.005439691480184706,1,0.035245264960224704,0,0,1,0,0,1,0,0,1,0,0,1
387,1,1,0.4470972606182458,0,0.07065763434312682,0,0.05861685856924364,0,1,0,1,0,0,1,0,0,0,0,1
388,0,0,0.3278158951094034,0,0.9328030649007968,0,0.03485087871179984,0,0,1,1,0,0,1,0,0,0,1,0
389,1,1,0.20834380497612465,1,0.004434972344852083,0,0.05410786944853259,0,1,0,1,0,0,1,0,0,1,0,0
390,1,0,0.4470972606182458,0,0.288628406150099,1,0.1352696736213315,1,0,0,0,1,0,0,0,1,0,0,1
391,1,0,0.2586076903744659,0,0.8880956005480287,0,0.0351511773872392,0,0,1,1,0,0,1,0,0,0,0,1
392,0,0,0.34656948982156316,0,0.7535117473227452,1,0.03573373878163506,0,0,1,0,0,1,1,0,0,0,0,1
393,1,1,0.2837396330736366,0,0.08949358096107983,1,0.17025191421618138,1,0,0,0,1,0,1,0,0,1,0,0
394,1,1,0.2963056044232219,1,0.024227431876998023,1,0.03765005915793726,0,0,1,1,0,0,0,0,1,0,0,1
395,0,0,0.2711736617240512,0,0.8881412695996347,0,0.0351511773872392,0,0,1,1,0,0,1,0,0,0,0,1
396,0,1,0.38426740387031916,0,0.8890419647840869,0,0.03541450235188872,0,0,1,1,0,0,1,0,0,0,0,1
397,0,0,0.5727569741140991,0,0.07206322626477901,0,0.05861685856924364,0,1,0,1,0,0,1,0,0,0,0,1
398,0,0,0.2837396330736366,0,0.6197746993454103,0,0.04734438576746602,0,1,0,1,0,0,1,0,0,0,0,1
399,1,1,0.34656948982156316,0,0.6112777185771554,0,0.057038712376994774,0,1,0,1,0,0,1,0,0,0,0,1
400,1,0,0.4847951746670017,1,0.7535117473227452,0,0.03573373878163506,0,0,1,1,0,0,1,0,0,0,0,1
401,0,0,0.32143754712239253,0,0.8672705130156798,0,0.036297362421723954,0,0,1,1,0,0,1,0,0,0,0,1
402,0,1,0.2586076903744659,0,0.01049627036078551,0,0.04430081811098606,0,0,1,0,1,0,1,0,0,0,0,1
403,0,0,0.34656948982156316,1,0.7535117473227452,1,0.03573373878163506,0,0,1,0,1,0,1,0,0,0,0,1
404,0,1,0.24604171902488062,0,0.7994519713807278,0,0.03905911825815946,0,0,1,1,0,0,1,0,0,0,0,1
405,0,0,0.4219653179190751,0,0.07272542751306643,0,0.09468877153493203,0,1,0,0,1,0,1,0,0,0,0,1
406,0,0,0.6355868308620256,0,0.8805602070330341,0,0.034944665685510634,0,0,1,1,0,0,1,0,0,0,0,1
407,1,0,0.032420206081930136,0,0.07384685644694779,1,0.02818118200444406,0,1,0,0,1,0,0,1,0,0,0,1
408,0,0,0.2586076903744659,0,0.7941137666818897,0,0.035057390413528414,0,0,1,1,0,0,1,0,0,0,0,1
409,0,1,0.26803216888665493,0,0.010486121682650836,1,0.02870726831010302,0,0,1,0,0,1,0,1,0,0,0,1
410,0,0,0.3278158951094034,0,0.8860354188866901,0,0.0356020762993103,0,0,1,1,0,0,1,0,0,0,0,1
411,0,0,0.3278158951094034,0,1.0,0,0.03092400008657259,0,0,1,1,0,0,1,0,0,0,1,0
412,1,1,0.4093993465694898,0,0.05056071446694069,1,0.20290451043199723,1,0,0,0,1,0,1,0,0,0,1,0
413,0,0,0.38100913634967415,0,0.6085477241589283,0,0.0,0,1,0,1,0,0,1,0,0,0,0,1
414,1,0,0.5476250314149284,1,0.7535117473227452,0,0.03573373878163506,0,0,1,1,0,0,1,0,0,0,0,1
415,0,1,0.26803216888665493,0,0.8704901811539048,0,0.036297362421723954,0,0,1,1,0,0,1,0,0,0,0,1
416,1,1,0.4219653179190751,0,0.07159892424011773,0,0.14654214642310912,0,1,0,0,1,0,0,1,0,0,0,1
417,1,1,0.22090977632571,0,0.6359466179530117,0,0.05861685856924364,0,1,0,1,0,0,0,0,1,0,0,1
418,0,0,0.37170143252073384,0,0.07161922159638708,0,0.05861685856924364,0,1,0,1,0,0,1,0,0,0,0,1
419,0,1,0.12038200552902739,0,0.8772847211650683,1,0.03629736242172394,0,0,1,1,0,0,0,0,1,0,0,1
420,0,0,0.3278158951094034,0,0.8861166083117674,0,0.0356020762993103,0,0,1,1,0,0,1,0,0,1,0,0
421,0,0,0.2586076903744659,1,0.0330643933627645,0,0.034869365567194756,0,0,1,1,0,0,1,0,0,0,1,0
422,0,0,0.35913546117114853,0,0.7994164510072563,0,0.03550828932559951,0,0,1,1,0,0,1,0,0,0,0,1
423,0,1,0.34656948982156316,0,0.8806008017455728,1,0.03246472166911955,0,0,1,0,1,0,0,1,0,0,0,1
424,0,0,0.22090977632571,0,0.939080022327092,1,0.04556897130118604,0,0,1,0,1,0,0,1,0,0,0,1
425,0,0,0.3278158951094034,1,0.0868828335109352,0,0.032690171125155106,0,0,1,1,0,0,1,0,0,0,0,1
426,1,1,0.34656948982156316,0,0.005081950575937484,0,0.11723371713848728,0,1,0,0,1,0,1,0,0,0,0,1
427,1,1,0.2334757476752953,0,0.6359542294616127,0,0.05861685856924364,0,1,0,1,0,0,1,0,0,0,0,1
428,0,0,0.3278158951094034,0,0.925688841528391,0,0.034944665685510634,0,0,1,1,0,0,1,0,0,0,1,0
429,1,0,0.39683337521990447,1,0.9947683564215761,0,0.036297362421723954,0,0,1,1,0,0,1,0,0,0,0,1
430,1,0,0.34656948982156316,0,0.28051961232049527,0,0.11971366115487836,1,0,0,1,0,0,1,0,0,0,0,1
431,1,1,0.26803216888665493,0,0.9554067082762471,1,0.036297362421723954,0,0,1,0,1,0,1,0,0,0,0,1
432,1,1,0.5224930887157577,1,0.00782716801136652,0,0.11723371713848728,0,1,0,0,1,0,1,0,0,0,0,1
433,0,0,0.20834380497612465,1,0.7535117473227452,0,0.03212654748506623,0,0,1,1,0,0,1,0,0,0,0,1
434,0,0,0.6230208595124404,0,0.03426954889125692,1,0.12602624592387382,1,0,0,0,1,0,1,0,0,0,0,1
435,1,1,0.17064589092736868,0,0.288628406150099,1,0.1352696736213315,1,0,0,0,1,0,0,0,1,0,0,1
436,0,1,0.2586076903744659,1,0.01676561627847973,1,0.03874912525611058,0,0,1,0,0,1,0,0,1,0,0,1
437,1,1,0.2963056044232219,0,0.07384685644694779,1,0.02818118200444406,0,1,0,0,0,1,0,0,1,0,0,1
438,0,0,0.7989444584066349,0,0.050616532196681385,1,0.2964660346867515,1,0,0,0,1,0,0,0,1,0,0,1
439,0,0,0.38426740387031916,1,0.047503425178870455,0,0.04734438576746602,0,1,0,1,0,0,1,0,0,0,0,1
440,1,1,0.5601910027645137,1,0.03432536662099762,1,0.039453654806221684,0,1,0,0,1,0,0,1,0,0,0,1
441,0,0,0.24604171902488062,0,0.8772745724869336,0,0.04283539664675497,0,0,1,1,0,0,1,0,0,0,0,1
442,0,0,0.3088715757728072,0,0.880590653067438,0,0.035057390413528414,0,0,1,0,1,0,1,0,0,0,0,1
443,1,1,0.34656948982156316,0,0.5846501243213071,0,0.05861685856924364,0,1,0,1,0,0,1,0,0,0,0,1
444,1,0,0.3278158951094034,0,0.1656923935657381,0,0.03657917424176839,0,0,1,1,0,0,1,0,0,0,0,1
445,1,0,0.04498617743151546,0,0.08534530877353226,0,0.3690981841399013,1,0,0,1,0,0,0,0,1,0,0,1
446,1,1,0.15807991957778336,0,0.6359263205967424,1,0.043962643926932735,0,1,0,1,0,0,0,1,0,0,0,1
447,1,0,0.4219653179190751,0,0.2887146699142437,0,0.11971366115487836,1,0,0,1,0,0,1,0,0,0,0,1
448,1,1,0.05755214878110078,0,0.006764093976759528,1,0.0217088662958474,0,0,1,0,0,1,0,1,0,1,0,0
449,1,0,0.648152802211611,0,0.28869437255797437,0,0.137524168181687,1,0,0,1,0,0,1,0,0,0,0,1
450,0,0,0.4470972606182458,1,0.08791546151113819,1,0.041708149366577206,0,1,0,0,1,0,0,0,1,0,0,1
451,0,0,0.3278158951094034,0,0.16568478205713708,0,0.0900296330765013,0,0,1,0,1,0,1,0,0,0,0,1
452,0,0,0.37170143252073384,0,0.2868295529507282,0,0.1251244480997316,1,0,0,1,0,0,1,0,0,1,0,0
453,1,0,0.610454888162855,0,0.04428121987111179,1,0.20088493420483075,1,0,0,0,1,0,1,0,0,1,0,0
454,0,0,0.3278158951094034,1,0.007147206576343432,0,0.036297362421723954,0,0,1,1,0,0,1,0,0,0,0,1
455,1,0,0.35913546117114853,0,0.8860810879382961,0,0.0356020762993103,0,0,1,1,0,0,1,0,0,1,0,0
456,0,0,0.8115104297562202,0,0.03427462323032425,0,0.11971366115487836,1,0,0,1,0,0,1,0,0,0,0,1
457,1,1,0.42965273568588025,0,0.04430912873598214,0,0.2338474482728768,1,0,0,0,1,0,1,0,0,0,0,1
458,1,1,0.6230208595124404,1,0.034330440960064955,0,0.04734438576746602,0,1,0,1,0,0,1,0,0,0,0,1
459,0,0,0.3278158951094034,0,0.9414421271629371,0,0.034944665685510634,0,0,1,1,0,0,1,0,0,0,1,0
460,1,0,0.5978889168132697,0,0.05062160653574872,0,0.11971366115487836,1,0,0,1,0,0,1,0,0,0,0,1
461,0,0,0.4219653179190751,0,0.9248135180392755,0,0.036297362421723954,0,0,1,1,0,0,1,0,0,0,0,1
462,0,0,0.5853229454636844,0,0.28243771248794847,0,0.1735960811473754,1,0,0,1,0,0,1,0,0,0,0,1
463,0,0,0.5978889168132697,0,0.5946110519104887,0,0.05861685856924364,0,1,0,1,0,0,1,0,0,0,0,1
464,0,0,0.3278158951094034,1,0.007144669406809764,0,0.036297362421723954,0,0,1,1,0,0,1,0,0,0,0,1
465,0,0,0.4722292033174164,1,0.7535117473227452,0,0.0317883733010129,0,0,1,1,0,0,1,0,0,0,0,1
466,0,0,0.38100913634967415,0,0.6085477241589283,0,0.0,0,1,0,1,0,0,1,0,0,0,0,1
467,0,0,0.6984166876099522,0,0.28870959557517634,0,0.11971366115487836,1,0,0,1,0,0,1,0,0,0,0,1
468,0,0,0.3278158951094034,0,0.0918683716445933,0,0.034831940957492855,0,0,1,1,0,0,1,0,0,0,1,0
469,1,1,0.0041467705453631576,0,0.006764093976759528,1,0.0217088662958474,0,0,1,0,0,1,0,1,0,1,0,0
470,0,0,0.3278158951094034,0,0.821007763738773,0,0.032690171125155106,0,0,1,1,0,0,1,0,0,0,0,1
471,0,0,0.4722292033174164,0,0.799434211193992,0,0.03905911825815946,0,0,1,1,0,0,1,0,0,0,0,1
472,1,1,0.4093993465694898,1,0.08791546151113819,1,0.041708149366577206,0,1,0,0,1,0,0,0,1,0,0,1
473,1,1,0.2837396330736366,1,0.0013726087177145178,0,0.06218662525611058,0,1,0,1,0,0,1,0,0,1,0,0
474,0,1,0.2711736617240512,0,0.019163241487796218,0,0.04435718047499495,0,0,1,1,0,0,1,0,0,0,0,1
475,0,0,0.5134630075221647,0,0.2802684325366621,0,0.11723371713848728,1,0,0,1,0,0,1,0,0,0,0,1
476,0,0,0.4219653179190751,0,0.07872075912112447,1,0.04734438576746602,0,1,0,0,1,0,1,0,0,0,0,1
477,0,0,0.35913546117114853,0,0.00877860658649211,0,0.03176943554670591,0,0,1,0,1,0,1,0,0,0,0,1
478,0,0,0.2711736617240512,0,0.8881615669559041,0,0.033911205379043664,0,0,1,1,0,0,1,0,0,0,0,1
479,1,1,0.01985423473234481,0,0.7535117473227452,0,0.05540420382073702,0,0,1,1,0,0,0,1,0,0,0,1
480,0,0,0.10781603417944208,1,0.005439691480184706,1,0.035245264960224704,0,0,1,0,0,1,0,0,1,0,0,1
481,0,0,0.38100913634967415,0,0.608550261328462,0,0.0,0,1,0,1,0,0,1,0,0,0,0,1
482,0,0,0.6230208595124404,1,0.009118587304003655,0,0.036297362421723954,0,0,1,1,0,0,1,0,0,0,0,1
483,1,1,0.7863784870570495,0,0.010488658852184503,0,0.04322993319481719,0,0,1,1,0,0,1,0,0,0,0,1
484,1,0,0.3088715757728072,0,0.030362307809407827,1,0.2053375609615329,1,0,0,0,1,0,1,0,0,1,0,0
485,0,1,0.26803216888665493,0,0.010486121682650836,1,0.02870726831010302,0,0,1,0,0,1,0,1,0,0,0,1
486,1,1,0.4345312892686604,0,0.05059877200994571,1,0.20290451043199723,1,0,0,0,1,0,1,0,0,0,0,1
487,0,0,0.723548630309123,0,0.02986502258080885,0,0.13391697688511817,1,0,0,1,0,0,1,0,0,1,0,0
488,0,0,0.37170143252073384,1,0.04696047089866545,0,0.036297362421723954,0,0,1,1,0,0,1,0,0,0,0,1
489,1,0,0.10781603417944208,1,0.09557771350281627,1,0.03584646350965284,0,0,1,0,1,0,0,1,0,0,0,1
490,0,0,0.3278158951094034,0,0.16568731922667074,0,0.0900296330765013,0,0,1,0,1,0,1,0,0,0,0,1
491,0,0,0.2586076903744659,1,0.7535117473227452,0,0.032690171125155106,0,0,1,1,0,0,1,0,0,0,0,1
492,0,0,0.685850716260367,0,0.288696909727508,0,0.137524168181687,1,0,0,1,0,0,1,0,0,0,0,1
493,0,0,0.8869062578537321,1,0.044677018318364035,0,0.2232138992295039,1,0,0,1,0,0,1,0,0,1,0,0
494,0,0,0.2586076903744659,1,0.11513675343786473,0,0.036297362421723954,0,0,1,1,0,0,1,0,0,0,0,1
495,0,0,0.3278158951094034,0,0.006665144364946466,0,0.03259615870198828,0,0,1,1,0,0,1,0,0,1,0,0
496,1,1,0.6732847449107816,0,0.09374080276044046,0,0.17645184940697775,1,0,0,0,1,0,1,0,0,1,0,0
497,0,0,0.3278158951094034,1,0.015760897143147105,0,0.06808573572273684,0,0,1,1,0,0,1,0,0,0,0,1
498,0,1,0.3088715757728072,0,0.28868168671030603,1,0.1708343253109399,1,0,0,0,1,0,0,0,1,0,0,1
499,0,0,0.2963056044232219,0,0.8880981377175624,0,0.0351511773872392,0,0,1,1,0,0,1,0,0,0,0,1
500,0,0,0.20834380497612465,0,0.7994265996853911,0,0.03905911825815946,0,0,1,1,0,0,1,0,0,0,0,1
501,0,1,0.2586076903744659,0,0.9256761556807227,0,0.034944665685510634,0,0,1,1,0,0,1,0,0,0,1,0
502,0,1,0.26803216888665493,0,0.8395722332166236,0,0.03439997979972874,0,0,1,1,0,0,1,0,0,0,1,0
503,0,1,0.4596632319678311,0,0.010491196021718172,0,0.04322993319481719,0,0,1,1,0,0,1,0,0,0,0,1
504,1,1,0.19577783362653933,0,0.27947429847262395,0,0.13000918631383526,1,0,0,1,0,0,1,0,0,0,0,1
505,0,0,0.22090977632571,1,0.045055056578880606,1,0.24551445762271665,1,0,0,0,1,0,1,0,0,1,0,0
506,1,1,0.4093993465694898,0,0.0668797889074948,1,0.05861685856924364,0,1,0,1,0,0,0,0,1,0,0,1
507,1,0,0.5134630075221647,0,0.28270918962805097,0,0.11971366115487836,1,0,0,1,0,0,1,0,0,0,0,1
508,0,0,0.34656948982156316,1,0.010151215304206629,0,0.10156497994401638,0,0,1,1,0,0,1,0,0,0,0,1
509,1,0,0.32143754712239253,0,0.0040620084234028525,0,0.03639127822369533,0,0,1,1,0,0,1,0,0,0,0,1
510,1,0,0.35913546117114853,0,0.9708504592276856,0,0.034944665685510634,0,0,1,1,0,0,1,0,0,0,1,0
511,0,0,0.3278158951094034,1,0.7535117473227452,0,0.036297362421723954,0,0,1,1,0,0,1,0,0,0,0,1
512,1,0,0.4470972606182458,1,0.04433196326178516,0,0.11853005151069172,1,0,0,1,0,0,1,0,0,0,0,1
513,1,1,0.6732847449107816,1,0.04466179530116203,0,0.26783395377023633,1,0,0,0,1,0,1,0,0,1,0,0
514,0,0,0.2963056044232219,0,0.8860024356827524,0,0.033798480651025885,0,0,1,1,0,0,1,0,0,0,0,1
515,0,0,0.5853229454636844,0,0.09379154615111382,0,0.15339941707788649,1,0,0,1,0,0,1,0,0,0,0,1
516,1,1,0.4219653179190751,1,0.0869234282234739,0,0.04734438576746602,0,1,0,1,0,0,1,0,0,0,0,1
517,0,0,0.3278158951094034,0,0.9415689856396205,0,0.03629736242172394,0,0,1,1,0,0,1,0,0,0,1,0
518,1,1,0.4470972606182458,0,0.5756203379509819,0,0.11723371713848728,0,1,0,0,1,0,1,0,0,0,0,1
519,0,0,0.39683337521990447,0,0.8860861622773635,0,0.0356020762993103,0,0,1,1,0,0,1,0,0,0,0,1
520,1,1,0.37170143252073384,0,0.03234637438473639,0,0.21079524139324154,1,0,0,1,0,0,1,0,0,0,0,1
521,0,0,0.2711736617240512,0,0.8861115339727001,0,0.0356020762993103,0,0,1,1,0,0,1,0,0,0,0,1
522,0,0,0.3278158951094034,0,0.006657532856345461,0,0.03257744639713733,0,0,1,1,0,0,1,0,0,1,0,0
523,1,1,0.5476250314149284,0,0.28254173643882885,1,0.13071379101376504,1,0,0,1,0,0,0,1,0,1,0,0
524,0,0,0.3278158951094034,0,0.006850357740904248,0,0.032596384151444315,0,0,1,1,0,0,1,0,0,1,0,0
525,0,0,0.5036441316913798,0,0.9317298421880551,0,0.034944665685510634,0,0,1,1,0,0,1,0,0,0,1,0
526,1,1,0.6230208595124404,1,0.036174963211041765,0,0.04734438576746602,0,1,0,1,0,0,1,0,0,0,0,1
527,0,0,0.5134630075221647,1,0.04435733495712184,0,1.0,1,0,0,1,0,0,1,0,0,0,0,1
528,0,0,0.4847951746670017,0,0.7535117473227452,0,0.03573373878163506,0,0,1,1,0,0,1,0,0,0,0,1
529,0,0,0.2837396330736366,0,0.07384178210788045,0,0.05185337488817707,0,1,0,0,0,1,0,1,0,0,0,1
530,1,1,0.01985423473234481,0,0.0668797889074948,1,0.05861685856924364,0,1,0,0,1,0,0,1,0,0,0,1
531,0,0,0.3278158951094034,0,0.006700664738417822,0,0.032596384151444315,0,0,1,1,0,0,1,0,0,1,0,0
532,0,0,0.20834380497612465,0,0.006824986045567565,0,0.032596384151444315,0,0,1,0,1,0,0,1,0,1,0,0
533,1,1,0.26803216888665493,0,0.006769168315826864,1,0.05040666572879693,0,0,1,1,0,0,0,0,1,1,0,0
534,0,1,0.37170143252073384,0,0.7994215253463237,0,0.03905911825815946,0,0,1,1,0,0,1,0,0,0,0,1
535,1,1,0.08268409148027142,1,0.03432536662099762,1,0.039453654806221684,0,1,0,1,0,0,0,0,1,0,0,1
536,0,0,0.5601910027645137,0,0.2868270157811945,0,0.11971366115487836,1,0,0,1,0,0,1,0,0,0,0,1
537,1,1,0.37170143252073384,1,0.04506266808748161,0,0.23993458358583672,1,0,0,1,0,0,1,0,0,1,0,0
538,0,0,0.3278158951094034,0,0.9247932206830061,0,0.06538034225031021,0,0,1,1,0,0,1,0,0,0,0,1
539,1,1,0.2711736617240512,0,0.03442431623281068,0,0.22319496147519693,1,0,0,1,0,0,0,0,1,1,0,0
540,1,1,0.4470972606182458,1,0.014550667275587357,1,0.16006911378524225,1,0,0,1,0,0,0,0,1,0,0,1
541,0,1,0.10781603417944208,0,0.88060587608464,1,0.020145519250034008,0,0,1,0,0,1,0,0,1,0,0,1
542,0,1,0.1329479768786127,0,0.88060587608464,1,0.020145519250034008,0,0,1,0,0,1,0,0,1,0,0,1
543,1,0,0.39683337521990447,0,0.007378089003907242,1,0.05861685856924364,0,1,0,0,1,0,1,0,0,0,0,1
544,0,0,0.6230208595124404,1,0.04506266808748161,0,0.23993458358583672,1,0,0,0,1,0,1,0,0,1,0,0
545,0,0,0.7989444584066349,0,0.0017582584868320902,0,0.11723371713848728,1,0,0,1,0,0,1,0,0,0,0,1
546,1,1,0.2334757476752953,0,0.007378089003907242,1,0.05861685856924364,0,1,0,0,1,0,1,0,0,0,0,1
547,1,0,0.38100913634967415,1,0.005444765819252043,0,0.06250586168585692,0,1,0,1,0,0,1,0,0,1,0,0
548,0,0,0.4093993465694898,0,0.9217308570558685,1,0.030849000567531426,0,0,1,0,1,0,0,1,0,0,0,1
549,1,0,0.09525006282985675,1,0.08401075759882276,0,0.08285267509306553,0,1,0,0,1,0,0,1,0,0,0,1
550,1,0,0.20834380497612465,0,0.044200030446034405,1,0.12499289834213488,1,0,0,1,0,0,0,0,1,1,0,0
551,0,0,0.33400351847197784,0,0.6199776729081038,0,0.11723371713848728,0,1,0,1,0,0,1,0,0,0,0,1
552,0,0,0.3278158951094034,0,0.8397498350839804,0,0.03530177762387095,0,0,1,1,0,0,1,0,0,0,1,0
553,1,0,0.2711736617240512,0,0.006647384178210788,0,0.03257744639713733,0,0,1,1,0,0,1,0,0,1,0,0
554,1,1,0.2711736617240512,0,0.8806134875932411,0,0.035057390413528414,0,0,1,1,0,0,1,0,0,0,0,1
555,0,0,0.7738125157074642,0,0.2887476531181814,0,0.11971366115487836,1,0,0,1,0,0,1,0,0,0,0,1
556,1,1,0.5978889168132697,0,0.02982442786827016,0,0.17855596918015756,1,0,0,0,1,0,1,0,0,1,0,0
557,0,0,0.5134630075221647,1,0.04505251940934694,0,0.2564769374224454,1,0,0,1,0,0,1,0,0,1,0,0
558,1,1,0.4847951746670017,0,0.28013649972091137,1,0.11971366115487836,1,0,0,0,1,0,0,1,0,0,0,1
559,1,1,0.4470972606182458,0,0.876774750088801,0,0.07845641070037225,0,0,1,0,1,0,1,0,0,0,0,1
560,0,0,0.3278158951094034,0,0.9454051859745269,0,0.034944665685510634,0,0,1,1,0,0,1,0,0,0,1,0
561,0,0,0.49736114601658704,0,0.8861089968031665,0,0.0356020762993103,0,0,1,1,0,0,1,0,0,0,0,1
562,0,0,0.34656948982156316,0,0.5546988379763537,0,0.06087135312959917,0,1,0,1,0,0,1,0,0,0,0,1
563,0,0,0.3278158951094034,1,0.9947785050997109,0,0.036297362421723954,0,0,1,1,0,0,1,0,0,0,0,1
564,0,1,0.26803216888665493,1,0.9947911909473792,0,0.036297362421723954,0,0,1,1,0,0,1,0,0,0,0,1
565,0,0,0.2963056044232219,1,0.12399401227990055,0,0.05444604363258592,0,0,1,0,0,1,1,0,0,0,0,1
566,0,0,0.2334757476752953,0,0.8859922870046177,0,0.0356020762993103,0,0,1,1,0,0,1,0,0,0,0,1
567,0,1,0.35913546117114853,0,0.8877784543563202,1,0.02375673642974634,0,0,1,1,0,0,0,0,1,0,0,1
568,0,0,0.3278158951094034,0,0.006814837367432892,0,0.032596384151444315,0,0,1,1,0,0,1,0,0,1,0,0
569,1,0,0.39683337521990447,0,0.8890673364794236,0,0.03541450235188872,0,0,1,1,0,0,1,0,0,0,0,1
570,1,0,0.7738125157074642,1,0.0019079514893185164,0,0.04734438576746602,0,1,0,1,0,0,1,0,0,0,0,1
571,1,1,0.6607187735611963,0,0.029859948241741516,0,0.23211915274290826,1,0,0,0,0,1,1,0,0,0,0,1
572,1,0,0.4470972606182458,1,0.04433450043131883,0,0.11898095042276281,1,0,0,1,0,0,1,0,0,0,0,1
573,1,1,0.26803216888665493,0,0.03631197036585985,0,0.034944665685510634,0,0,1,1,0,0,1,0,0,0,1,0
574,0,0,0.19577783362653933,1,0.05223778352869539,0,0.036297362421723954,0,0,1,1,0,0,1,0,0,0,0,1
575,0,0,0.2334757476752953,0,0.9097909372304258,0,0.032690171125155106,0,0,1,1,0,0,1,0,0,0,0,1
576,1,1,0.4219653179190751,0,0.6187649058710103,0,0.05861685856924364,0,1,0,1,0,0,1,0,0,0,0,1
577,1,1,0.4847951746670017,0,0.03426954889125692,1,0.12602624592387382,1,0,0,0,1,0,1,0,0,0,0,1
578,0,1,0.26803216888665493,0,0.006822448876033897,0,0.06519231740397656,0,0,1,0,1,0,1,0,0,1,0,0
579,1,0,0.39683337521990447,1,0.7535117473227452,0,0.03573373878163506,0,0,1,1,0,0,1,0,0,0,0,1
580,1,1,0.3088715757728072,0,0.6033110062414371,0,0.1352696736213315,0,1,0,0,1,0,0,1,0,0,0,1
581,1,1,0.4847951746670017,0,0.044200030446034405,1,0.12499289834213488,1,0,0,0,1,0,0,1,0,1,0,0
582,0,0,0.6732847449107816,0,0.07206322626477901,0,0.05861685856924364,0,1,0,1,0,0,1,0,0,0,0,1
583,0,0,0.4470972606182458,0,0.033107525244836865,0,0.18092318846853087,1,0,0,1,0,0,1,0,0,1,0,0
584,0,0,0.3278158951094034,0,0.008654285279342366,0,0.03928456771419502,0,0,1,1,0,0,1,0,0,1,0,0
585,1,1,0.22090977632571,0,0.28013649972091137,1,0.11971366115487836,1,0,0,1,0,0,0,0,1,0,0,1
586,0,0,0.5853229454636844,0,0.6027426802658954,0,0.06763483681066575,0,1,0,1,0,0,1,0,0,0,0,1
587,1,0,0.7486805730082936,0,0.03442177906327701,0,0.35711193836031513,1,0,0,0,1,0,0,1,0,1,0,0
588,0,0,0.2711736617240512,0,0.03798903942761456,0,0.036297362421723954,0,0,1,1,0,0,1,0,0,0,0,1
589,0,0,0.3278158951094034,1,0.008207743441416756,0,0.036297362421723954,0,0,1,1,0,0,1,0,0,0,0,1
590,0,0,0.4345312892686604,1,0.7535117473227452,0,0.03212654748506623,0,0,1,1,0,0,1,0,0,0,0,1
591,1,1,0.648152802211611,0,0.09374080276044046,0,0.17645184940697775,1,0,0,0,1,0,1,0,0,1,0,0
592,0,0,0.5853229454636844,1,0.009900035520373471,0,0.032690171125155106,0,0,1,1,0,0,1,0,0,0,0,1
593,0,1,0.26803216888665493,0,0.92568123001979,0,0.034944665685510634,0,0,1,1,0,0,0,0,1,0,1,0
594,0,0,0.4596632319678311,1,0.07367179174912468,0,0.11723371713848728,0,1,0,0,1,0,1,0,0,0,0,1
595,0,0,0.4470972606182458,0,0.8772847211650683,1,0.03629736242172394,0,0,1,0,1,0,0,1,0,0,0,1
596,1,1,0.35565434748646607,0,0.6310625666007003,0,0.049598880327821546,0,1,0,1,0,0,1,0,0,0,0,1
597,0,0,0.610454888162855,1,0.0,1,0.0,0,0,1,1,0,0,1,0,0,0,0,1
598,0,0,0.3278158951094034,0,0.006759019637692191,0,0.03257744639713733,0,0,1,1,0,0,1,0,0,1,0,0
599,1,0,0.610454888162855,1,0.044362409296189176,0,0.12834657172539174,1,0,0,0,1,0,1,0,0,1,0,0
600,1,1,0.2963056044232219,0,0.6186811792763993,1,0.06087135312959917,0,1,0,0,0,1,0,1,0,0,0,1
601,0,0,0.3278158951094034,0,0.8860151215304207,0,0.0356020762993103,0,0,1,1,0,0,1,0,0,0,0,1
602,0,0,0.5134630075221647,0,0.28871974425331104,0,0.19118113871814849,1,0,0,1,0,0,1,0,0,0,0,1
603,0,0,0.5476250314149284,0,0.9248262038869438,0,0.036297362421723954,0,0,1,1,0,0,1,0,0,0,0,1
604,1,0,0.4345312892686604,0,0.2827066524585173,0,0.11971366115487836,1,0,0,1,0,0,1,0,0,1,0,0
605,0,0,0.4470972606182458,0,0.8877809915258539,0,0.07011478082705683,0,0,1,0,1,0,1,0,0,0,0,1
606,0,0,0.37170143252073384,0,0.8860963109554981,0,0.0356020762993103,0,0,1,1,0,0,1,0,0,0,0,1
607,1,0,0.33400351847197784,0,0.2887400416095804,0,0.137524168181687,1,0,0,1,0,0,1,0,0,0,0,1
608,1,1,0.2711736617240512,1,0.005386410919977673,1,0.06249338681595629,0,1,0,0,1,0,0,0,1,1,0,0
609,1,1,0.49736114601658704,1,0.044608514740954994,0,0.23065358097903982,1,0,0,1,0,0,1,0,0,0,0,1
610,0,1,0.4847951746670017,0,0.88060587608464,1,0.020145519250034008,0,0,1,0,1,0,0,0,1,0,0,1
611,0,0,0.3278158951094034,1,0.7535117473227452,0,0.0317883733010129,0,0,1,1,0,0,1,0,0,0,0,1
612,1,1,0.26803216888665493,0,0.9317247678489877,1,0.034944665685510634,0,0,1,0,1,0,1,0,0,0,1,0
613,0,0,0.3278158951094034,0,0.9397092403714417,0,0.034944665685510634,0,0,1,1,0,0,1,0,0,0,1,0
614,0,0,0.4345312892686604,0,0.9248287410564775,0,0.036297362421723954,0,0,1,1,0,0,1,0,0,0,0,1
615,1,1,0.2963056044232219,0,0.5603212056629624,1,0.14654214642310912,0,1,0,0,1,0,0,0,1,0,0,1
616,0,0,0.4219653179190751,0,0.8806008017455728,1,0.03246472166911955,0,0,1,0,1,0,0,1,0,0,0,1
617,0,1,0.32143754712239253,1,0.008463997564317248,1,0.036297362421723954,0,0,1,0,1,0,1,0,0,0,0,1
618,1,1,0.04498617743151546,0,0.5838940478002741,1,0.08792528785386547,0,1,0,0,0,1,0,1,0,0,0,1
619,0,0,0.32143754712239253,0,0.07872329629065815,0,0.04734438576746602,0,1,0,1,0,0,1,0,0,0,0,1
620,0,0,0.33400351847197784,0,0.00674633379002385,1,0.03258691527429083,0,0,1,0,1,0,1,0,0,1,0,0
621,1,0,0.5224930887157577,0,0.029819353529202824,0,0.23696631604767263,1,0,0,0,1,0,1,0,0,0,0,1
622,1,0,0.24604171902488062,0,0.006731110772821841,1,0.035489577020748564,0,0,1,0,1,0,0,1,0,1,0,0
623,0,0,0.2586076903744659,0,0.8880829147003604,0,0.03541450235188872,0,0,1,1,0,0,1,0,0,0,0,1
624,0,0,0.2586076903744659,0,0.13862079464149796,0,0.036297362421723954,0,0,1,1,0,0,1,0,0,0,0,1
625,0,0,0.7612465443578789,0,0.09378139747297916,0,0.14573413557267767,1,0,0,1,0,0,1,0,0,0,0,1
626,0,0,0.7109826589595376,0,0.5569924392347897,0,0.05568601564078146,0,1,0,1,0,0,1,0,0,0,1,0
627,1,1,0.2586076903744659,0,0.034256863043588576,0,0.11717104218970939,1,0,0,1,0,0,1,0,0,0,0,1
628,0,0,0.32143754712239253,0,0.8860404932257574,0,0.0356020762993103,0,0,1,1,0,0,1,0,0,0,0,1
629,0,0,0.3278158951094034,0,0.8497285228598975,0,0.034869365567194756,0,0,1,1,0,0,1,0,0,0,1,0
630,1,0,1.0,0,0.06861013852945655,0,0.1352696736213315,1,0,0,1,0,0,1,0,0,0,0,1
631,0,0,0.6355868308620256,0,0.8822829451463947,0,0.031807311055319885,0,0,1,1,0,0,1,0,0,0,0,1
632,1,0,0.39683337521990447,0,0.03352615821789212,0,0.137524168181687,1,0,0,1,0,0,1,0,0,1,0,0
633,0,0,0.5134630075221647,0,0.2842949205865936,0,0.0,1,0,0,1,0,0,1,0,0,0,0,1
634,0,1,0.10781603417944208,0,0.880621099101842,1,0.020966799411306376,0,0,1,0,0,1,0,0,1,0,0,1
635,1,1,0.34656948982156316,0,0.6030040087278632,0,0.05861685856924364,0,1,0,1,0,0,1,0,0,0,0,1
636,0,0,0.39683337521990447,1,0.7535117473227452,0,0.03573373878163506,0,0,1,1,0,0,1,0,0,0,0,1
637,0,0,0.38426740387031916,1,0.08098898868422388,1,0.039453654806221684,0,1,0,0,1,0,0,1,0,0,0,1
638,0,1,0.5099271173661725,0,0.7535117473227452,1,0.029825084288036628,0,0,1,1,0,0,0,0,1,0,0,1
639,0,0,0.3278158951094034,0,0.9554067082762471,1,0.036297362421723954,0,0,1,0,1,0,1,0,0,0,0,1
640,0,0,0.24604171902488062,0,0.8881361952605674,0,0.03541450235188872,0,0,1,1,0,0,1,0,0,0,0,1
641,1,1,0.2963056044232219,1,0.044342111939919826,0,0.15623647303263785,1,0,0,1,0,0,1,0,0,1,0,0
642,0,1,0.01985423473234481,0,0.880621099101842,1,0.020966799411306376,0,0,1,0,0,1,0,0,1,0,0,1
643,1,0,0.3278158951094034,0,0.0040620084234028525,0,0.03639127822369533,0,0,1,1,0,0,1,0,0,0,0,1
644,1,1,0.0041467705453631576,0,0.006764093976759528,1,0.0217088662958474,0,0,1,0,0,1,0,1,0,1,0,0
645,1,0,0.5978889168132697,1,0.04458314304561831,1,0.1153237093469541,1,0,0,0,1,0,1,0,0,1,0,0
646,0,0,0.2334757476752953,0,0.8860582534124931,0,0.0356020762993103,0,0,1,1,0,0,1,0,0,0,0,1
647,1,0,0.6984166876099522,0,0.03352362104835845,0,0.16006911378524225,1,0,0,1,0,0,1,0,0,1,0,0
648,0,0,0.3278158951094034,1,0.0019054143197848481,0,0.03404286786136842,0,0,1,1,0,0,1,0,0,0,0,1
649,1,1,0.2837396330736366,1,0.005871010300908307,0,0.03404286786136842,0,0,1,1,0,0,1,0,0,0,0,1
650,0,0,0.3278158951094034,0,0.8860328817171564,0,0.0356020762993103,0,0,1,1,0,0,1,0,0,0,0,1
651,1,1,0.22090977632571,0,0.5884178210788046,1,0.05185337488817707,0,1,0,1,0,0,0,1,0,0,0,1
652,0,0,0.2586076903744659,0,0.021502511797838332,0,0.038025657951692486,0,0,1,1,0,0,1,0,0,0,0,1
653,1,1,0.26803216888665493,0,0.8395976049119603,0,0.03530177762387095,0,0,1,1,0,0,1,0,0,0,1,0
654,0,1,0.22090977632571,0,0.9266402801035166,0,0.030435676564799584,0,0,1,1,0,0,1,0,0,0,1,0
655,0,0,0.2963056044232219,1,0.03775054549144974,1,0.06628214007445242,0,1,0,0,0,1,1,0,0,0,0,1
656,0,0,0.3278158951094034,0,0.8860379560562237,0,0.0356020762993103,0,0,1,1,0,0,1,0,0,0,0,1
657,0,1,0.39683337521990447,0,0.9256837671893237,1,0.034944665685510634,0,0,1,0,1,0,0,1,0,0,1,0
658,0,0,0.2837396330736366,0,0.0754833307961638,0,0.05861685856924364,0,1,0,1,0,0,1,0,0,0,0,1
659,0,0,0.723548630309123,0,0.08949358096107983,1,0.17025191421618138,1,0,0,1,0,0,0,0,1,1,0,0
660,1,0,0.6230208595124404,1,0.04468209265743137,1,0.3013131979915159,1,0,0,0,0,1,1,0,0,0,0,1
661,0,0,0.49736114601658704,0,0.0066549956868117936,0,0.03257744639713733,0,0,1,1,0,0,1,0,0,1,0,0
662,0,0,0.5853229454636844,0,0.01453036991931801,0,0.11537375912619396,1,0,0,1,0,0,1,0,0,0,0,1
663,0,0,0.4470972606182458,0,0.8860049728522861,0,0.033798480651025885,0,0,1,1,0,0,1,0,0,0,0,1
664,1,0,0.24604171902488062,1,0.7535117473227452,0,0.03573373878163506,0,0,1,0,1,0,1,0,0,0,0,1
665,0,0,0.39683337521990447,1,0.03775054549144974,1,0.06628214007445242,0,1,0,0,0,1,1,0,0,0,0,1
666,0,0,0.3088715757728072,0,0.5954381691784646,0,0.05861685856924364,0,1,0,1,0,0,1,0,0,0,0,1
667,0,0,0.3278158951094034,0,0.7941163038514234,0,0.035057390413528414,0,0,1,1,0,0,1,0,0,0,0,1
668,0,0,0.5350590600653431,1,0.008971431471050896,0,0.036297362421723954,0,0,1,1,0,0,1,0,0,0,0,1
669,1,1,0.42965273568588025,0,0.050733241995230126,1,0.11723371713848728,1,0,0,0,1,0,1,0,0,0,0,1
670,1,1,0.49736114601658704,0,0.07548079362663014,1,0.08792528785386547,0,1,0,0,1,0,0,1,0,0,0,1
671,0,0,0.38426740387031916,1,0.03234891155427006,0,0.23446743427697456,1,0,0,0,1,0,1,0,0,0,0,1
672,0,0,0.8743402865041467,1,0.06236362713756534,0,0.04734438576746602,0,1,0,1,0,0,1,0,0,0,0,1
673,1,0,0.38426740387031916,0,0.619754401989141,0,0.05861685856924364,0,1,0,1,0,0,1,0,0,0,0,1
674,0,0,0.38100913634967415,0,0.6085553356675294,0,0.0,0,1,0,1,0,0,1,0,0,0,0,1
675,0,0,0.22090977632571,0,0.8877860658649211,0,0.035057390413528414,0,0,1,1,0,0,1,0,0,0,0,1
676,0,0,0.30258859009801453,0,0.869807682549348,0,0.036297362421723954,0,0,1,1,0,0,1,0,0,0,0,1
677,1,1,0.22090977632571,0,0.010498807530319176,0,0.04437611822930193,0,0,1,1,0,0,1,0,0,0,0,1
678,0,1,0.5350590600653431,1,0.005439691480184706,1,0.035245264960224704,0,0,1,0,1,0,0,0,1,0,0,1
679,1,0,0.4470972606182458,1,0.0450474450702796,0,0.7700289296741984,1,0,0,1,0,0,0,1,0,1,0,0
680,0,1,0.26803216888665493,0,0.8396381996244989,0,0.03669189896978616,0,0,1,1,0,0,1,0,0,0,1,0
681,1,0,0.33400351847197784,1,0.04458314304561831,0,0.1153237093469541,1,0,0,1,0,0,1,0,0,1,0,0
682,0,0,0.24604171902488062,0,0.016651443649464658,0,0.041595424638559426,0,0,1,1,0,0,1,0,0,0,0,1
683,0,0,0.17064589092736868,1,0.005439691480184706,1,0.035245264960224704,0,0,1,0,0,1,0,0,1,0,0,1
684,0,0,0.7486805730082936,0,0.07548079362663014,1,0.08792528785386547,0,1,0,0,1,0,0,1,0,0,0,1
685,0,0,0.3088715757728072,1,0.005386410919977673,1,0.06249338681595629,0,1,0,0,1,0,0,0,1,1,0,0
686,0,0,0.17064589092736868,0,0.7535117473227452,1,0.029825084288036628,0,0,1,0,0,1,0,1,0,0,0,1
687,0,0,0.2334757476752953,0,0.886050641903892,0,0.04586002654892794,0,0,1,1,0,0,1,0,0,0,0,1
688,0,0,0.22090977632571,0,0.888100674887096,0,0.0351511773872392,0,0,1,1,0,0,1,0,0,0,0,1
689,1,1,0.18321186227695402,0,0.061298015933424675,0,0.3176394960994238,1,0,0,1,0,0,0,1,0,0,0,1
690,1,0,0.38426740387031916,0,0.04433450043131883,1,0.12850618994026491,1,0,0,0,1,0,1,0,0,0,0,1
691,1,1,0.04498617743151546,0,0.8861216826508348,0,0.06049575433584394,0,0,1,1,0,0,0,1,0,1,0,0
692,1,0,0.3278158951094034,0,0.0040620084234028525,1,0.03639127822369533,0,0,1,1,0,0,1,0,0,0,0,1
693,0,0,0.3088715757728072,0,0.006779316993961537,0,0.03257744639713733,0,0,1,1,0,0,1,0,0,1,0,0
694,0,0,0.7486805730082936,0,0.2887298929314457,0,0.11971366115487836,1,0,0,1,0,0,1,0,0,0,0,1
695,0,0,0.648152802211611,0,0.631072715278835,0,0.06087135312959917,0,1,0,1,0,0,1,0,0,0,0,1
696,0,0,0.5476250314149284,0,0.9224945450855027,0,0.036297362421723954,0,0,1,1,0,0,1,0,0,0,0,1
697,1,1,0.26803216888665493,0,0.09096260212107374,0,0.034869365567194756,0,0,1,1,0,0,1,0,0,0,1,0
698,0,0,0.610454888162855,0,0.044200030446034405,1,0.12499289834213488,1,0,0,0,1,0,0,1,0,1,0,0
699,0,0,0.5224930887157577,0,0.8832419952301214,0,0.03449376677343953,0,0,1,1,0,0,1,0,0,0,0,1
700,1,1,0.22090977632571,1,0.04505251940934694,0,0.2564769374224454,1,0,0,0,1,0,1,0,0,1,0,0
701,1,0,0.4345312892686604,1,0.044337037600852496,0,0.11853005151069172,1,0,0,1,0,0,1,0,0,0,0,1
702,0,1,0.22090977632571,0,0.006827523215101234,1,0.03258691527429083,0,0,1,1,0,0,0,1,0,1,0,0
703,0,0,0.3088715757728072,0,0.09353021768914599,0,0.03490724107580873,0,0,1,1,0,0,1,0,0,0,1,0
704,0,0,0.32143754712239253,0,0.8880727660222256,0,0.03541450235188872,0,0,1,0,1,0,1,0,0,0,0,1
705,0,0,0.4847951746670017,0,0.6359542294616127,0,0.05861685856924364,0,1,0,1,0,0,1,0,0,0,0,1
706,1,1,0.5601910027645137,0,0.5673009590500838,0,0.06087135312959917,0,1,0,1,0,0,1,0,0,0,0,1
707,1,0,0.5224930887157577,1,0.04433957477038616,0,0.11853005151069172,1,0,0,1,0,0,1,0,0,0,0,1
708,1,1,0.2711736617240512,0,0.28868168671030603,0,0.1708343253109399,1,0,0,1,0,0,1,0,0,0,0,1
709,1,0,0.3278158951094034,0,0.006751408129091186,1,0.034371573168268256,0,0,1,0,1,0,0,1,0,1,0,0
710,1,1,0.2963056044232219,1,0.04435479778758817,0,0.2232138992295039,1,0,0,1,0,0,1,0,0,1,0,0
711,0,0,0.5134630075221647,0,0.28677119805145385,0,0.11971366115487836,1,0,0,1,0,0,1,0,0,0,0,1
712,1,0,0.5978889168132697,0,0.050733241995230126,1,0.11723371713848728,1,0,0,0,1,0,1,0,0,0,0,1
713,0,0,0.35913546117114853,0,0.01914294413152687,0,0.042760096528439095,0,0,1,1,0,0,1,0,0,0,0,1
714,0,0,0.648152802211611,0,0.6359339321053433,0,0.02930842928462182,0,1,0,1,0,0,1,0,0,0,0,1
715,0,0,0.2334757476752953,0,0.8832496067387223,0,0.03449376677343953,0,0,1,1,0,0,1,0,0,0,0,1
716,1,1,0.4722292033174164,1,0.04505251940934694,0,0.2564769374224454,1,0,0,1,0,0,1,0,0,1,0,0
717,1,1,0.33400351847197784,0,0.08681686710305983,0,0.04734438576746602,0,1,0,1,0,0,1,0,0,0,0,1
718,0,0,0.3278158951094034,0,0.0927792155071802,0,0.06988933137102127,0,0,1,1,0,0,1,0,0,0,1,0
719,0,0,0.4093993465694898,0,0.8805551326939667,0,0.035057390413528414,0,0,1,1,0,0,1,0,0,0,0,1
720,1,1,0.0701181201306861,0,0.6310625666007003,1,0.049598880327821546,0,1,0,1,0,0,0,1,0,0,0,1
721,0,0,0.20834380497612465,0,0.8881311209215,0,0.031807311055319885,0,0,1,0,1,0,1,0,0,0,0,1
722,0,0,0.4219653179190751,0,0.03103719490536358,0,0.05861685856924364,0,1,0,1,0,0,1,0,0,0,0,1
723,0,0,0.6230208595124404,0,0.6359237834272087,0,0.05861685856924364,0,1,0,1,0,0,1,0,0,0,0,1
724,1,0,0.33400351847197784,0,0.2887451159486477,1,0.11971366115487836,1,0,0,0,1,0,1,0,0,0,0,1
725,0,0,0.24604171902488062,0,0.7994468970416604,0,0.03905911825815946,0,0,1,1,0,0,1,0,0,0,0,1
726,1,1,0.37170143252073384,0,0.07872075912112447,1,0.04734438576746602,0,1,0,0,0,1,1,0,0,0,0,1
727,1,1,0.26803216888665493,0,0.09353529202821333,0,0.034888303321501744,0,0,1,1,0,0,1,0,0,0,1,0
728,0,0,0.3088715757728072,0,0.6009362155579236,0,0.11723371713848728,0,1,0,0,1,0,1,0,0,0,0,1
729,0,1,0.3088715757728072,1,0.7535117473227452,0,0.03573373878163506,0,0,1,0,1,0,1,0,0,0,0,1
730,1,1,0.35913546117114853,0,0.061298015933424675,0,0.3176394960994238,1,0,0,1,0,0,1,0,0,0,0,1
731,0,0,0.1329479768786127,0,0.0068478205713705794,0,0.04235631655267942,0,0,1,1,0,0,1,0,0,1,0,0
732,0,0,0.38100913634967415,0,0.6085527984979957,0,0.0,0,1,0,1,0,0,1,0,0,0,0,1
733,0,0,0.2837396330736366,0,0.07211904399451972,0,0.05861685856924364,0,1,0,1,0,0,1,0,0,0,0,1
734,0,0,0.2837396330736366,0,0.592781752676714,0,0.05861685856924364,0,1,0,1,0,0,1,0,0,0,0,1
735,0,0,0.35285247549635584,0,0.13862079464149796,0,0.036297362421723954,0,0,1,1,0,0,1,0,0,0,0,1
736,0,1,0.5978889168132697,1,0.01676561627847973,1,0.03874912525611058,0,0,1,0,1,0,0,0,1,0,0,1
737,1,0,0.4345312892686604,1,0.0450474450702796,0,0.7700289296741984,1,0,0,1,0,0,1,0,0,1,0,0
738,0,0,0.3278158951094034,0,0.8859821383264831,0,0.0356020762993103,0,0,1,1,0,0,1,0,0,0,0,1
739,0,0,0.3278158951094034,0,0.8860252702085554,0,0.0356020762993103,0,0,1,1,0,0,1,0,0,0,0,1
740,1,0,0.5134630075221647,0,0.04310143603795606,0,0.1352696736213315,1,0,0,1,0,0,1,0,0,0,0,1
741,0,0,0.4470972606182458,0,0.0504313188207236,0,0.17776689608403312,1,0,0,0,1,0,1,0,0,0,0,1
742,1,1,0.2586076903744659,1,0.04467448114883037,1,0.5915230102732808,1,0,0,0,0,1,0,0,1,1,0,0
743,0,0,0.2963056044232219,0,0.9554117826153145,0,0.07259472484344791,0,0,1,0,1,0,1,0,0,0,0,1
744,1,0,0.38426740387031916,1,0.7535117473227452,0,0.03573373878163506,0,0,1,1,0,0,1,0,0,0,0,1
745,0,0,0.8743402865041467,1,0.014550667275587357,1,0.16006911378524225,1,0,0,0,1,0,0,1,0,0,0,1
746,0,0,0.19577783362653933,1,0.006781854163495206,1,0.04565351484719937,0,0,1,0,1,0,0,1,0,0,0,1
747,1,1,0.37170143252073384,0,0.635936469274877,0,0.05861685856924364,0,1,0,1,0,0,1,0,0,0,0,1
748,0,0,0.2334757476752953,0,0.2886613893540367,0,0.23942732230975672,1,0,0,0,1,0,1,0,0,0,0,1
749,0,0,0.38426740387031916,0,0.8501978992236262,0,0.034944665685510634,0,0,1,1,0,0,1,0,0,0,1,0
750,1,1,0.04498617743151546,0,0.07383924493834679,0,0.10370674977635413,0,1,0,0,1,0,0,1,0,0,0,1
751,1,0,0.0701181201306861,0,0.9948140254731822,1,0.02812481964043517,0,0,1,1,0,0,0,1,0,0,0,1
752,0,0,0.4093993465694898,0,0.877302481351804,0,0.04283539664675497,0,0,1,1,0,0,1,0,0,0,0,1
753,0,0,0.2837396330736366,0,0.885989749835084,0,0.0356020762993103,0,0,1,1,0,0,1,0,0,0,0,1
754,1,1,0.5978889168132697,0,0.5603212056629624,1,0.14654214642310912,0,1,0,0,1,0,0,0,1,0,0,1
755,1,0,0.003141492837396331,0,0.6359390064444107,1,0.032690171125155106,0,1,0,0,1,0,0,1,0,0,0,1
756,0,0,0.34656948982156316,0,0.888115897904298,0,0.0351511773872392,0,0,1,1,0,0,1,0,0,0,0,1
757,0,0,0.22090977632571,0,0.07385193078601512,0,0.05185337488817707,0,1,0,1,0,0,1,0,0,0,0,1
758,0,0,0.4219653179190751,0,0.9217384685644695,0,0.036297362421723954,0,0,1,1,0,0,1,0,0,0,0,1
759,1,1,0.4093993465694898,0,0.27947429847262395,0,0.13000918631383526,1,0,0,1,0,0,1,0,0,0,0,1
760,0,0,0.3278158951094034,0,0.9097909372304258,0,0.032690171125155106,0,0,1,1,0,0,1,0,0,0,0,1
761,0,0,0.5099271173661725,1,0.7535117473227452,0,0.03212654748506623,0,0,1,1,0,0,1,0,0,0,0,1
762,1,0,0.24604171902488062,0,0.006756482468158523,0,0.032596384151444315,0,0,1,1,0,0,1,0,0,1,0,0
763,1,1,0.4470972606182458,0,0.288628406150099,1,0.1352696736213315,1,0,0,0,1,0,0,0,1,0,0,1
764,0,0,0.19577783362653933,0,0.8805855787283707,0,0.035057390413528414,0,0,1,1,0,0,1,0,0,0,0,1
765,1,1,0.6355868308620256,0,0.034256863043588576,0,0.11717104218970939,1,0,0,0,1,0,1,0,0,0,0,1
766,0,0,0.5134630075221647,0,0.28512457502410316,0,0.17855596918015756,1,0,0,1,0,0,1,0,0,1,0,0
767,0,1,0.3779844181955265,0,0.9256863043588573,0,0.034944665685510634,0,0,1,1,0,0,1,0,0,0,1,0
768,0,0,0.3278158951094034,0,0.9415689856396205,1,0.03629736242172394,0,0,1,0,1,0,1,0,0,0,1,0
769,0,0,0.39683337521990447,0,0.02149236311970366,0,0.03770642152194616,0,0,1,1,0,0,1,0,0,0,0,1
770,0,0,0.2963056044232219,0,0.8773050185213377,0,0.04283539664675497,0,0,1,1,0,0,1,0,0,0,0,1
771,0,0,0.5978889168132697,0,0.8881285837519663,0,0.03541450235188872,0,0,1,1,0,0,1,0,0,0,0,1
772,0,1,0.7109826589595376,1,7.61150860100472e-06,0,0.02367219288373301,0,1,0,1,0,0,1,0,0,0,0,1
773,0,0,0.3278158951094034,0,0.0067843913330288734,0,0.03257744639713733,0,0,1,1,0,0,1,0,0,1,0,0
774,1,1,0.6732847449107816,0,0.07384431927741412,0,0.10370674977635413,0,1,0,0,1,0,0,0,1,0,0,1
775,0,0,0.22090977632571,0,0.8805957274065054,0,0.034944665685510634,0,0,1,1,0,0,1,0,0,0,0,1
776,0,0,0.3278158951094034,0,0.9720429289085097,0,0.034944665685510634,0,0,1,1,0,0,1,0,0,0,1,0
777,1,1,0.05755214878110078,0,0.9248388897346121,0,0.02812481964043517,0,0,1,1,0,0,1,0,0,0,0,1
778,0,0,0.3278158951094034,0,0.09353275485867966,0,0.034888303321501744,0,0,1,1,0,0,1,0,0,0,1,0
779,1,1,0.5350590600653431,0,0.061298015933424675,0,0.3176394960994238,1,0,0,1,0,0,0,1,0,0,0,1
780,1,1,0.15807991957778336,0,0.006817374536966561,0,0.032596384151444315,0,0,1,1,0,0,1,0,0,1,0,0
781,1,1,0.20834380497612465,0,0.04433450043131883,1,0.12850618994026491,1,0,0,0,1,0,1,0,0,0,0,1
782,0,0,0.35913546117114853,0,0.2879712792408789,0,0.1352696736213315,1,0,0,1,0,0,1,0,0,0,0,1
783,0,0,0.3278158951094034,1,0.01676307910894606,1,0.052867897440337056,0,0,1,0,1,0,0,0,1,0,0,1
784,0,0,0.3088715757728072,1,0.7535117473227452,1,0.0317883733010129,0,0,1,1,0,0,1,0,0,0,0,1
785,0,0,0.3088715757728072,0,0.9511518749682855,0,0.032690171125155106,0,0,1,1,0,0,1,0,0,0,0,1
786,1,1,0.22090977632571,0,0.7535117473227452,0,0.033798480651025885,0,0,1,1,0,0,1,0,0,0,0,1
787,0,0,0.09525006282985675,0,0.9708529963972193,1,0.026264861628141862,0,0,1,0,0,1,0,1,0,0,1,0
788,1,0,0.007288263382759488,1,0.005873547470441975,1,0.04638622557931492,0,0,1,0,1,0,0,0,1,0,0,1
789,0,0,0.5727569741140991,1,0.04463642360582534,0,0.17855596918015756,1,0,0,1,0,0,1,0,0,1,0,0
790,0,0,0.3278158951094034,0,0.03161313238950627,0,0.034944665685510634,0,0,1,1,0,0,1,0,0,0,1,0
791,0,0,0.19577783362653933,0,0.6085781701933324,0,0.05861685856924364,0,1,0,1,0,0,1,0,0,0,0,1
792,0,1,0.26803216888665493,1,0.005944588217384686,1,0.044800027620779066,0,0,1,0,0,1,0,0,1,0,0,1
793,0,0,0.5134630075221647,1,0.044654183792561024,0,0.13840702825152223,1,0,0,1,0,0,1,0,0,1,0,0
794,0,0,0.3088715757728072,0,0.8859872126655504,0,0.0356020762993103,0,0,1,1,0,0,1,0,0,0,0,1
795,0,0,0.4847951746670017,0,0.07158116405338205,0,0.05861685856924364,0,1,0,1,0,0,1,0,0,0,0,1
796,1,1,0.610454888162855,0,0.04431166590551581,0,0.11691448070874094,1,0,0,1,0,0,1,0,0,0,0,1
797,1,1,0.38426740387031916,0,0.8860912366164307,0,0.039152905231870254,0,0,1,1,0,0,1,0,0,0,0,1
798,0,0,0.37170143252073384,0,0.006812300197899224,0,0.032596384151444315,0,0,1,1,0,0,1,0,0,1,0,0
799,0,1,0.37170143252073384,0,0.8772847211650683,1,0.03629736242172394,0,0,1,0,1,0,0,1,0,0,0,1
800,0,0,0.4219653179190751,0,0.6359339321053433,0,0.02930842928462182,0,1,0,1,0,0,1,0,0,0,0,1
801,1,1,0.38426740387031916,1,0.08098898868422388,1,0.039453654806221684,0,1,0,0,1,0,0,1,0,0,0,1
802,1,0,0.1329479768786127,0,0.288628406150099,1,0.1352696736213315,1,0,0,0,1,0,0,0,1,0,0,1
803,1,0,0.0,0,0.00666007002587913,0,0.038401707644359795,0,0,1,1,0,0,0,1,0,1,0,0
804,1,0,0.33400351847197784,0,0.8806236362713757,0,0.031450199116959565,0,0,1,1,0,0,1,0,0,0,0,1
805,0,0,0.38426740387031916,0,0.8805576698635004,0,0.035057390413528414,0,0,1,1,0,0,1,0,0,0,0,1
806,0,0,0.4847951746670017,0,0.2842898462475263,0,0.0,1,0,0,1,0,0,1,0,0,0,0,1
807,0,1,0.22090977632571,0,0.8806185619323084,0,0.035057390413528414,0,0,1,1,0,0,1,0,0,0,0,1
808,0,0,0.4847951746670017,0,0.6310524179225656,0,0.05861685856924364,0,1,0,1,0,0,1,0,0,0,0,1
809,1,1,0.4093993465694898,0,0.2887451159486477,1,0.11971366115487836,1,0,0,0,1,0,1,0,0,0,0,1
810,0,0,0.32143754712239253,0,0.008814126959963465,0,0.0355646516896084,0,0,1,1,0,0,1,0,0,0,0,1
811,0,0,0.4847951746670017,1,0.12399401227990055,0,0.05444604363258592,0,0,1,1,0,0,1,0,0,0,0,1
812,0,0,0.4345312892686604,0,0.07156340386664638,0,0.04734438576746602,0,1,0,1,0,0,1,0,0,0,0,1
813,0,1,0.0701181201306861,0,0.88060587608464,1,0.020145519250034008,0,0,1,0,0,1,0,0,1,0,0,1
814,0,0,0.3779844181955265,0,0.9247957578525398,0,0.036297362421723954,0,0,1,1,0,0,1,0,0,0,0,1
815,0,0,0.5134630075221647,0,0.28431014360379564,0,0.0,1,0,0,1,0,0,1,0,0,0,0,1
816,0,1,0.2837396330736366,1,0.7535117473227452,0,0.03573373878163506,0,0,1,1,0,0,1,0,0,0,0,1
817,0,0,0.38426740387031916,1,0.005274775460496271,1,0.0834257676103079,0,1,0,0,1,0,0,1,0,1,0,0
818,0,0,0.5350590600653431,1,0.0179504744507028,0,0.02908297982858627,0,0,1,1,0,0,1,0,0,0,0,1
819,0,0,0.12038200552902739,0,0.880621099101842,1,0.020966799411306376,0,0,1,0,0,1,0,0,1,0,0,1
820,1,1,0.648152802211611,0,0.03234637438473639,0,0.21079524139324154,1,0,0,0,1,0,0,1,0,0,0,1
821,1,0,0.33400351847197784,0,0.799457045719795,0,0.03905911825815946,0,0,1,1,0,0,1,0,0,0,0,1
822,0,0,0.4722292033174164,0,0.05067234992642209,0,0.0,1,0,0,1,0,0,1,0,0,0,0,1
823,1,1,0.33400351847197784,0,0.9948140254731822,1,0.02812481964043517,0,0,1,1,0,0,0,1,0,0,0,1
824,0,0,0.01985423473234481,0,0.7535117473227452,1,0.029825084288036628,0,0,1,0,0,1,0,1,0,0,0,1
825,0,0,0.3278158951094034,0,0.9344978941492871,0,0.03133747438894179,0,0,1,1,0,0,1,0,0,0,1,0
826,0,0,0.3278158951094034,0,0.0040620084234028525,1,0.03639127822369533,0,0,1,1,0,0,1,0,0,0,0,1
827,1,0,0.007288263382759488,1,0.005274775460496271,1,0.0834257676103079,0,1,0,1,0,0,0,0,1,1,0,0
828,1,0,0.3278158951094034,0,0.9317196935099205,0,0.034944665685510634,0,0,1,1,0,0,1,0,0,0,1,0
829,1,1,0.7738125157074642,0,0.28815141827776936,0,0.18035956482844198,1,0,0,1,0,0,1,0,0,0,0,1
830,1,1,0.18321186227695402,0,0.00674633379002385,1,0.03258691527429083,0,0,1,0,1,0,1,0,0,1,0,0
831,1,0,0.005152048253329982,0,0.07384685644694779,1,0.02818118200444406,0,1,0,0,1,0,0,1,0,0,0,1
832,0,0,0.3278158951094034,0,0.006776779824427869,0,0.032596384151444315,0,0,1,1,0,0,1,0,0,1,0,0
833,0,0,0.2837396330736366,0,0.881585223524636,0,0.03541450235188872,0,0,1,1,0,0,1,0,0,0,0,1
834,0,0,0.22090977632571,0,0.005640127873344497,0,0.037424609701901715,0,0,1,1,0,0,1,0,0,0,0,1
835,1,1,0.4847951746670017,1,0.04504998223981327,0,0.3749598699968256,1,0,0,0,1,0,0,1,0,1,0,0
836,0,0,0.2586076903744659,0,0.7994545085502613,0,0.03905911825815946,0,0,1,1,0,0,1,0,0,0,0,1
837,0,0,0.3278158951094034,0,0.9948038767950476,0,0.036297362421723954,0,0,1,1,0,0,1,0,0,0,0,1
838,1,0,0.39683337521990447,0,0.0040620084234028525,0,0.03639127822369533,0,0,1,1,0,0,1,0,0,0,0,1
839,1,0,0.5134630075221647,0,0.029872634089409857,0,0.13391697688511817,1,0,0,1,0,0,1,0,0,1,0,0
840,0,0,0.24604171902488062,1,0.7535117473227452,0,0.03573373878163506,0,0,1,1,0,0,1,0,0,0,0,1
841,0,0,0.19577783362653933,1,7.61150860100472e-06,0,0.02367219288373301,0,1,0,1,0,0,1,0,0,0,0,1
842,1,1,0.37170143252073384,0,0.28872481859237836,0,0.06988933137102127,1,0,0,1,0,0,1,0,0,1,0,0
843,0,0,0.4282483035938678,0,0.006807225858831888,0,0.02902661746457738,0,0,1,1,0,0,1,0,0,1,0,0
844,0,0,0.20834380497612465,0,0.7994367483635257,0,0.03905911825815946,0,0,1,1,0,0,1,0,0,0,0,1
845,0,0,0.5224930887157577,1,0.014073679403257726,0,0.03404286786136842,0,0,1,1,0,0,1,0,0,0,0,1
846,0,0,0.3278158951094034,1,0.005944588217384686,1,0.044800027620779066,0,0,1,0,0,1,0,0,1,0,0,1
847,0,0,0.4345312892686604,0,0.886012584360887,0,0.0356020762993103,0,0,1,1,0,0,1,0,0,1,0,0
848,0,0,0.34656948982156316,0,0.6310625666007003,1,0.049598880327821546,0,1,0,1,0,0,0,1,0,0,0,1
849,1,1,0.42965273568588025,0,0.04428121987111179,1,0.20088493420483075,1,0,0,0,1,0,1,0,0,1,0,0
850,0,0,0.04498617743151546,0,0.88060587608464,1,0.020145519250034008,0,0,1,0,0,1,0,0,1,0,0,1
851,0,0,0.9246041719024881,0,0.8805500583548993,0,0.035057390413528414,0,0,1,1,0,0,1,0,0,0,0,1
852,0,1,0.10781603417944208,0,0.006794540011163547,1,0.034371573168268256,0,0,1,0,1,0,0,1,0,1,0,0
853,1,1,0.19577783362653933,1,0.044633886436291674,0,0.17765417135601533,1,0,0,1,0,0,0,1,0,0,0,1
854,0,1,0.5476250314149284,0,0.6197087329375349,1,0.05861685856924364,0,1,0,0,1,0,1,0,0,0,0,1
855,1,1,0.22090977632571,0,0.9948013396255139,0,0.04215904827864831,0,0,1,1,0,0,0,1,0,0,0,1
856,1,1,0.5601910027645137,0,0.09369259653930076,1,0.3716910783337662,1,0,0,0,1,0,0,1,0,0,0,1
857,1,0,0.6355868308620256,0,0.28683970162886285,0,0.11971366115487836,1,0,0,1,0,0,1,0,0,0,0,1
858,1,1,0.2963056044232219,0,0.006764093976759528,1,0.0217088662958474,0,0,1,1,0,0,0,0,1,1,0,0
859,0,0,0.3278158951094034,0,0.0066702187040138024,0,0.032596384151444315,0,0,1,1,0,0,1,0,0,1,0,0
860,0,0,0.5099271173661725,0,0.8880753031917593,0,0.0636141712117277,0,0,1,0,0,1,1,0,0,0,0,1
861,0,0,0.2586076903744659,0,0.07138072766022226,0,0.05185337488817707,0,1,0,0,1,0,1,0,0,0,0,1
862,1,1,0.5978889168132697,0,0.04431420307504948,0,0.11691448070874094,1,0,0,1,0,0,1,0,0,0,0,1
863,0,1,0.26803216888665493,1,0.005944588217384686,1,0.044800027620779066,0,0,1,0,0,1,0,0,1,0,0,1
864,0,0,0.2963056044232219,0,0.5933576901608566,0,0.05861685856924364,0,1,0,1,0,0,1,0,0,0,0,1
865,1,1,0.5224930887157577,0,0.60093367838839,0,0.05861685856924364,0,1,0,1,0,0,1,0,0,0,0,1
866,1,1,0.33400351847197784,1,0.005452377327853047,0,0.062486923931549934,0,1,0,0,1,0,1,0,0,1,0,0
867,0,0,0.38426740387031916,1,0.04462881209722434,0,0.22768501284160103,1,0,0,1,0,0,1,0,0,0,0,1
868,0,0,0.3278158951094034,0,0.877294869843203,0,0.04283539664675497,0,0,1,1,0,0,1,0,0,0,0,1
869,1,0,0.04498617743151546,0,0.8822804079768611,1,0.016733309525870776,0,0,1,0,1,0,0,1,0,0,0,1
870,0,0,0.32143754712239253,0,0.8861013852945655,0,0.0356020762993103,0,0,1,1,0,0,1,0,0,0,0,1
871,1,1,0.5853229454636844,0,0.029814279190135486,1,0.11848315802383631,1,0,0,0,1,0,0,1,0,0,0,1
872,0,0,0.4093993465694898,0,0.0017633328258994268,0,0.022544945603555248,1,0,0,1,0,0,1,0,0,0,0,1
873,0,0,0.5853229454636844,0,0.877264423808799,0,0.040580902086399445,0,0,1,1,0,0,1,0,0,0,0,1
874,1,1,0.34656948982156316,1,0.008578170193332318,1,0.05410786944853259,0,1,0,0,1,0,1,0,0,1,0,0
875,1,1,0.18321186227695402,0,0.006766631146293196,0,0.03257744639713733,0,0,1,1,0,0,1,0,0,1,0,0
876,0,0,0.24604171902488062,0,0.01911503526665652,0,0.022197302542348425,0,0,1,1,0,0,1,0,0,0,0,1
877,0,0,0.2334757476752953,0,0.8860100471913533,0,0.0356020762993103,0,0,1,1,0,0,1,0,0,0,0,1
878,0,0,0.3278158951094034,0,0.8860227330390217,0,0.0356020762993103,0,0,1,1,0,0,1,0,0,0,0,1
879,1,1,0.6984166876099522,0,0.02985487390267418,0,0.1874799349984128,1,0,0,1,0,0,0,1,0,1,0,0
880,1,1,0.3088715757728072,0,0.5846475871517736,0,0.05861685856924364,0,1,0,1,0,0,0,1,0,0,0,1
881,0,0,0.4093993465694898,0,0.8861242198203685,0,0.0356020762993103,0,0,1,1,0,0,1,0,0,0,0,1
882,0,1,0.2711736617240512,0,0.01916070431826255,0,0.047419685885781895,0,0,1,1,0,0,1,0,0,0,0,1
883,0,0,0.34656948982156316,1,0.08643629167300959,0,0.04734438576746602,0,1,0,1,0,0,1,0,0,0,0,1
884,0,0,0.3088715757728072,1,0.9947632820825089,0,0.0317883733010129,0,0,1,1,0,0,1,0,0,0,0,1
885,0,1,0.4847951746670017,0,0.9708529963972193,1,0.026264861628141862,0,0,1,1,0,0,0,0,1,0,1,0
886,0,0,0.33400351847197784,0,0.5367026944740448,0,0.05861685856924364,0,1,0,1,0,0,1,0,0,0,0,1
887,1,1,0.2334757476752953,0,0.2842974577561273,0,0.1352696736213315,1,0,0,1,0,0,1,0,0,0,0,1
888,0,1,0.26803216888665493,1,0.01676307910894606,1,0.052867897440337056,0,0,1,0,1,0,0,0,1,0,0,1
889,1,0,0.32143754712239253,0,0.2825620337950982,0,0.1352696736213315,1,0,0,1,0,0,1,0,0,1,0,0
890,0,0,0.39683337521990447,0,0.9397067032019081,0,0.034944665685510634,0,0,1,1,0,0,1,0,0,0,1,0
